-- MySQL dump 10.13  Distrib 5.7.35, for Linux (x86_64)
--
-- Host: localhost    Database: student
-- ------------------------------------------------------
-- Server version	5.7.35-0ubuntu0.18.04.1

/*!40101 SET @OLD_CHARACTER_SET_CLIENT=@@CHARACTER_SET_CLIENT */;
/*!40101 SET @OLD_CHARACTER_SET_RESULTS=@@CHARACTER_SET_RESULTS */;
/*!40101 SET @OLD_COLLATION_CONNECTION=@@COLLATION_CONNECTION */;
/*!40101 SET NAMES utf8 */;
/*!40103 SET @OLD_TIME_ZONE=@@TIME_ZONE */;
/*!40103 SET TIME_ZONE='+00:00' */;
/*!40014 SET @OLD_UNIQUE_CHECKS=@@UNIQUE_CHECKS, UNIQUE_CHECKS=0 */;
/*!40014 SET @OLD_FOREIGN_KEY_CHECKS=@@FOREIGN_KEY_CHECKS, FOREIGN_KEY_CHECKS=0 */;
/*!40101 SET @OLD_SQL_MODE=@@SQL_MODE, SQL_MODE='NO_AUTO_VALUE_ON_ZERO' */;
/*!40111 SET @OLD_SQL_NOTES=@@SQL_NOTES, SQL_NOTES=0 */;

--
-- Table structure for table `attends`
--

DROP TABLE IF EXISTS `attends`;
/*!40101 SET @saved_cs_client     = @@character_set_client */;
/*!40101 SET character_set_client = utf8 */;
CREATE TABLE `attends` (
  `user_id` bigint(20) unsigned DEFAULT NULL,
  `course_id` bigint(20) unsigned DEFAULT NULL,
  `gk` double(8,2) unsigned NOT NULL,
  `ck` double(8,2) unsigned NOT NULL,
  `is_dong_hoc` tinyint(1) NOT NULL DEFAULT '1',
  KEY `attends_user_id_foreign` (`user_id`),
  KEY `attends_course_id_foreign` (`course_id`),
  CONSTRAINT `attends_course_id_foreign` FOREIGN KEY (`course_id`) REFERENCES `courses` (`id`) ON DELETE SET NULL,
  CONSTRAINT `attends_user_id_foreign` FOREIGN KEY (`user_id`) REFERENCES `users` (`id`) ON DELETE SET NULL
) ENGINE=InnoDB DEFAULT CHARSET=utf8mb4 COLLATE=utf8mb4_unicode_ci;
/*!40101 SET character_set_client = @saved_cs_client */;

--
-- Dumping data for table `attends`
--

LOCK TABLES `attends` WRITE;
/*!40000 ALTER TABLE `attends` DISABLE KEYS */;
INSERT INTO `attends` VALUES (307,11,8.70,8.70,1),(393,12,6.90,7.00,1),(169,4,8.80,9.60,0),(349,15,8.90,8.20,1),(445,13,8.50,6.10,0),(106,11,8.80,5.30,1),(14,13,5.30,8.10,0),(260,5,6.70,6.50,1),(12,8,8.00,7.00,1),(199,23,7.60,5.80,1),(390,16,6.50,5.50,0),(390,17,7.30,8.90,0),(132,11,8.80,6.90,1),(114,12,9.60,6.00,1),(381,6,7.40,5.30,1),(70,8,9.30,9.80,0),(322,6,7.30,8.60,1),(443,1,5.50,5.70,1),(292,21,7.20,8.40,1),(443,21,5.60,8.90,0),(203,11,8.10,8.30,1),(91,4,9.40,5.20,0),(122,2,9.80,7.80,0),(245,20,8.40,6.10,0),(108,4,7.50,7.40,0),(194,4,8.50,6.90,0),(146,5,5.90,5.30,1),(160,23,5.80,5.70,1),(98,2,5.10,7.90,0),(338,21,5.60,6.50,0),(140,4,9.40,8.40,1),(344,8,6.30,8.70,1),(168,21,5.50,6.30,0),(412,23,8.90,7.90,1),(411,9,9.50,8.20,0),(443,10,8.20,9.10,0),(68,11,7.90,5.90,1),(15,14,8.70,6.60,0),(334,11,7.60,8.30,0),(305,19,7.50,9.30,0),(179,13,6.50,9.50,1),(310,12,9.90,8.40,0),(330,23,6.20,9.20,0),(282,4,7.90,5.80,0),(249,14,7.30,9.40,1),(449,22,5.00,6.70,0),(158,1,9.70,5.30,0),(36,3,5.50,5.90,0),(489,8,5.80,6.10,0),(14,1,7.40,9.60,1),(371,14,7.20,6.80,0),(363,5,9.90,6.30,1),(98,1,9.40,9.80,1),(75,23,9.90,9.30,0),(255,16,9.70,5.80,1),(78,16,5.80,10.00,0),(354,20,9.10,5.80,0),(104,7,9.00,9.10,1),(328,18,8.10,7.80,0),(244,17,9.00,8.00,0),(442,23,9.50,8.60,1),(386,7,6.60,6.90,1),(378,21,7.80,8.20,0),(300,7,6.10,7.70,1),(332,23,8.00,5.50,0),(414,7,6.00,7.00,1),(462,1,5.90,9.00,0),(56,17,6.10,8.10,0),(45,10,8.20,9.10,1),(209,8,5.20,7.90,0),(250,1,9.10,9.50,0),(140,1,5.10,9.30,1),(157,6,8.80,6.50,1),(112,19,6.30,8.40,0),(297,1,5.60,5.20,1),(143,2,8.20,8.70,1),(57,1,6.00,8.40,0),(83,12,9.30,6.80,0),(319,2,8.40,5.40,1),(249,15,9.20,9.10,0),(220,1,8.00,7.30,0),(363,18,6.80,6.00,0),(464,5,7.80,5.80,1),(52,21,9.80,9.80,1),(106,5,9.90,5.60,0),(477,13,8.90,8.40,1),(206,13,7.90,9.30,1),(381,3,10.00,5.30,1),(328,17,7.20,8.40,0),(137,2,7.80,8.20,0),(70,17,8.60,5.30,1),(182,23,7.50,9.10,0),(210,19,6.90,6.80,0),(266,15,9.10,7.40,1),(72,12,8.70,9.90,0),(62,7,8.50,8.70,1),(391,11,6.30,5.50,0),(197,6,9.50,5.10,0),(355,14,6.60,8.70,1),(21,10,7.80,9.20,1),(253,15,6.10,9.90,0),(128,15,7.40,8.90,1),(376,19,8.50,9.00,0),(48,5,9.30,8.90,1),(289,21,5.70,9.90,1),(266,22,5.60,7.80,1),(339,17,7.20,8.60,0),(167,8,9.10,8.80,0),(418,19,9.90,6.50,0),(110,1,6.00,7.80,0),(193,4,8.30,8.10,1),(139,17,9.80,7.00,0),(416,17,9.80,7.20,0),(368,1,9.70,9.00,1),(239,22,7.50,8.50,0),(141,7,7.40,9.40,0),(283,10,7.10,8.20,0),(318,11,6.40,9.20,1),(89,8,9.10,8.20,0),(17,5,7.30,9.70,1),(241,1,8.00,7.10,0),(305,1,5.00,7.10,0),(411,1,9.10,9.70,1),(488,22,8.40,9.00,0),(158,13,8.90,10.00,0),(10,4,7.60,9.70,0),(326,7,9.60,6.40,0),(161,23,5.00,5.30,0),(481,23,9.70,9.90,0),(329,10,6.50,6.80,1),(55,13,8.70,6.80,0),(148,4,7.00,9.10,0),(438,13,9.50,7.60,1),(7,19,8.70,5.90,1),(37,3,6.70,5.60,1),(297,14,6.30,8.90,0),(493,3,9.40,5.80,0),(145,15,7.90,6.40,0),(369,1,9.70,9.80,0),(411,6,6.50,5.30,0),(172,22,7.20,8.70,0),(244,14,5.40,9.60,0),(344,18,7.50,7.50,1),(485,17,5.40,7.80,1),(5,21,6.70,6.50,0),(135,3,9.00,7.40,0),(435,6,8.30,6.80,1),(33,1,7.60,6.50,1),(232,9,6.80,7.90,1),(188,6,7.10,8.40,1),(294,14,9.10,5.20,1),(376,21,7.10,7.80,1),(366,12,6.00,8.70,1),(5,9,9.80,6.90,0),(281,20,7.20,5.30,0),(224,22,6.30,5.50,1),(61,13,9.70,6.70,0),(155,9,7.00,9.20,1),(128,4,9.80,6.70,0),(248,12,8.20,9.30,1),(249,13,7.60,6.50,1),(333,9,6.70,10.00,1),(289,3,9.50,8.30,0),(180,10,5.30,5.20,1),(296,18,5.70,7.20,0),(365,6,7.40,6.50,0),(122,3,9.30,5.30,0),(385,22,9.50,9.10,1),(464,19,7.30,5.00,0),(463,20,7.50,8.00,1),(126,11,8.60,7.80,0),(468,10,9.90,7.00,1),(301,9,9.50,8.60,0),(461,17,5.30,8.30,0),(395,5,6.90,6.10,0),(248,3,7.80,9.60,1),(389,7,6.60,7.80,1),(449,21,8.90,6.10,0),(397,22,8.00,8.50,0),(365,15,6.00,8.50,0),(265,13,5.00,5.40,0),(11,13,9.80,7.20,1),(115,2,5.20,8.70,1),(103,10,5.60,8.40,1),(359,4,7.60,6.60,0),(35,6,9.10,5.20,1),(133,5,5.30,6.20,1),(134,1,6.80,5.10,1),(288,20,7.80,7.80,0),(495,11,9.20,8.80,0),(285,14,5.10,6.30,0),(457,12,8.10,5.40,1),(112,7,8.80,7.80,1),(290,23,8.20,8.70,1),(32,18,5.90,9.60,0),(412,4,8.90,9.20,0),(58,3,9.10,8.00,0),(404,3,8.30,8.80,0),(95,12,9.20,9.10,0),(379,9,6.10,6.90,1),(365,21,7.30,6.60,0),(245,14,9.40,7.60,1),(227,21,9.40,5.60,1),(316,19,6.40,5.10,1),(447,9,5.80,8.90,1),(437,1,8.90,6.00,1),(430,2,7.50,9.50,0),(366,10,8.70,5.60,1),(139,6,7.80,5.90,1),(296,12,9.80,8.00,0),(97,17,8.40,5.10,1),(206,1,8.40,6.90,1),(313,14,8.70,6.70,0),(285,16,9.60,5.20,1),(135,8,9.10,10.00,0),(21,14,5.50,5.50,1),(240,13,8.20,8.50,1),(335,14,5.70,5.70,0),(396,12,7.60,7.20,0),(238,13,6.60,9.10,1),(229,19,7.30,6.40,0),(62,14,8.10,9.70,1),(96,13,7.30,8.20,1),(340,12,6.60,9.10,0),(398,18,7.50,7.40,1),(359,3,5.70,7.70,1),(8,12,9.20,5.20,0),(232,2,6.20,8.20,0),(1,5,6.20,7.90,0),(286,19,7.80,6.90,0),(312,17,9.40,9.60,1),(308,18,6.60,9.20,0),(7,8,6.80,7.10,1),(433,9,5.70,8.40,0),(32,2,6.60,8.70,1),(307,12,6.10,6.70,1),(125,3,6.50,5.40,1),(99,21,6.20,5.40,1),(108,20,7.40,7.90,1),(350,11,7.20,9.40,0),(396,7,9.10,9.70,0),(175,16,6.20,5.30,1),(156,21,8.50,6.20,1),(106,10,6.90,8.20,0),(114,17,5.60,9.50,0),(426,18,8.70,9.90,0),(481,23,7.10,7.00,1),(283,19,6.70,7.80,1),(279,3,6.60,6.20,0),(171,7,8.80,9.80,0),(249,12,7.20,5.70,1),(395,20,8.90,9.40,0),(48,3,9.20,5.70,0),(244,15,6.80,5.50,1),(137,9,7.10,9.40,0),(382,18,5.60,9.30,0),(126,18,9.40,9.60,0),(263,16,7.20,5.90,1),(474,17,6.30,5.70,1),(273,3,9.10,7.20,0),(218,18,9.70,7.00,1),(271,20,9.50,7.10,1),(472,23,9.60,8.30,1),(103,19,5.80,9.40,1),(274,10,5.90,9.60,1),(495,22,5.90,9.80,1),(121,14,8.80,7.30,0),(385,13,9.30,6.50,0),(441,16,5.60,7.90,1),(216,19,6.70,9.40,1),(342,12,9.20,8.80,1),(291,14,8.40,6.10,1),(107,13,8.20,6.60,0),(38,20,8.50,7.10,0),(269,22,8.10,5.90,1),(322,4,8.00,9.00,0),(298,19,7.40,5.50,0),(188,10,5.10,8.80,1),(496,17,5.70,6.30,1),(375,20,9.70,5.80,0),(464,7,6.60,8.80,1),(412,9,7.40,7.00,1),(208,14,5.60,8.50,0),(265,12,5.50,10.00,0),(271,4,6.40,5.40,1),(155,2,6.60,5.30,1),(422,7,9.10,8.80,1),(108,6,9.40,8.50,1),(443,4,7.40,10.00,1),(25,20,7.30,5.50,0),(194,12,9.20,6.30,0),(407,10,9.30,9.80,1),(5,11,7.80,10.00,1),(164,7,7.00,7.80,1),(252,8,5.50,8.60,1),(177,23,7.00,6.30,0),(257,2,5.00,6.40,0),(39,6,9.80,6.00,1),(426,3,7.10,6.60,0),(263,11,6.10,6.80,1),(222,1,9.50,7.50,0),(226,14,6.50,6.80,1),(376,8,6.80,6.20,0),(311,7,6.20,9.00,1),(146,3,6.10,7.00,1),(75,18,6.50,8.90,0),(351,8,7.10,5.60,1),(338,22,5.80,8.90,1),(473,2,8.10,8.40,0),(186,6,5.60,6.90,0),(154,22,7.90,6.80,0),(131,16,7.60,5.80,0),(419,16,8.90,6.20,0),(103,2,9.50,8.00,1),(223,9,7.80,9.60,1),(14,19,8.50,7.00,1),(423,16,8.80,5.10,0),(422,8,7.00,6.40,1),(2,14,5.50,7.10,1),(495,13,9.40,6.50,0),(377,11,6.20,6.00,1),(419,10,5.90,8.50,1),(481,7,9.20,9.30,1),(156,1,6.20,6.10,0),(28,4,9.50,5.40,0),(309,23,9.30,9.50,0),(307,13,6.10,6.30,1),(46,14,6.40,5.50,1),(85,11,9.60,8.10,1),(313,8,7.00,7.40,1),(386,16,5.30,9.60,1),(198,12,5.70,6.60,0),(113,20,8.30,9.30,1),(277,7,5.00,9.60,0),(491,20,9.90,8.30,0),(190,15,9.10,9.50,0),(373,8,8.10,7.90,1),(43,20,9.70,6.40,0),(146,21,9.10,7.70,0),(229,21,5.90,9.70,0),(10,15,9.50,8.00,0),(257,7,8.20,5.10,0),(79,13,6.60,6.70,1),(396,17,9.70,5.60,0),(117,1,6.80,9.10,0),(399,15,9.80,7.80,1),(373,18,7.30,6.90,1),(337,16,7.50,8.10,0),(131,17,7.80,8.00,1),(128,6,6.50,9.80,1),(300,14,8.80,5.90,0),(187,20,7.40,6.60,1),(32,11,5.30,5.40,0),(94,3,8.00,5.90,0),(50,21,5.90,9.10,0),(1,20,9.50,7.90,0),(153,11,9.50,8.30,0),(377,17,6.60,9.60,0),(450,12,8.80,9.90,1),(181,15,5.10,6.70,1),(326,13,5.50,5.30,1),(123,3,8.80,5.60,0),(256,13,9.70,5.50,1),(129,13,9.80,5.70,1),(47,11,9.50,5.60,0),(163,16,7.60,7.30,1),(436,9,6.60,5.10,0),(3,2,9.00,8.30,1),(412,16,9.40,6.00,1),(32,12,9.70,5.40,1),(133,4,9.30,9.80,1),(234,18,6.30,7.60,1),(226,18,9.10,7.30,0),(282,6,9.90,6.40,0),(441,23,7.30,5.50,1),(24,11,9.00,9.70,1),(112,8,5.10,6.40,1),(440,11,8.80,7.20,1),(182,22,8.30,5.20,1),(327,2,8.00,9.20,1),(194,8,8.50,7.30,0),(286,6,8.50,5.90,1),(62,1,6.70,5.60,1),(103,11,6.60,6.20,1),(111,3,8.80,9.70,0),(251,18,7.80,6.70,1),(266,9,5.80,8.80,1),(357,19,7.80,7.30,1),(339,17,6.20,5.50,0),(256,10,6.70,8.20,1),(338,16,7.60,6.60,1),(247,16,5.30,6.20,0),(389,21,6.20,5.90,1),(99,6,6.20,9.20,0),(54,15,8.40,7.00,0),(383,3,7.10,5.50,1),(474,2,8.80,9.80,1),(226,4,8.70,8.60,1),(298,2,9.10,7.20,1),(70,22,8.00,5.60,1),(166,9,7.00,8.10,0),(46,13,7.20,7.90,0),(251,14,5.00,5.20,1),(441,3,5.40,5.60,1),(444,14,8.80,7.40,1),(453,4,9.70,9.70,1),(246,2,8.70,8.30,0),(472,8,8.00,7.40,1),(116,5,6.70,8.90,1),(57,2,7.20,9.70,0),(292,9,7.60,7.70,0),(456,2,9.40,6.20,0),(429,18,9.60,7.70,0),(123,6,6.00,7.10,0),(305,22,9.70,7.90,1),(254,21,9.10,9.90,1),(447,2,6.70,9.30,1),(471,6,9.00,8.70,0),(44,9,7.00,7.50,0),(119,15,6.70,5.80,1),(129,23,5.40,8.00,0),(177,4,7.60,8.00,1),(293,19,5.60,10.00,0),(153,23,6.20,5.50,0),(103,15,8.10,7.90,0),(212,18,9.10,6.50,1),(326,9,7.80,9.70,0),(107,1,8.00,7.60,1),(148,17,9.70,9.10,1),(341,14,8.90,5.80,0),(102,13,5.10,8.80,1),(125,2,7.30,5.30,0),(36,8,5.00,6.60,1),(434,10,5.20,7.00,1),(70,11,8.10,9.40,1),(352,21,8.30,8.60,1),(474,14,9.60,6.60,1),(114,21,7.50,7.40,0),(430,20,9.90,8.10,0),(316,15,5.90,6.70,1),(395,5,7.40,7.40,0),(169,10,9.30,6.40,1),(101,9,9.70,5.50,0),(149,8,9.10,5.70,1),(393,3,5.50,7.90,1),(274,12,7.90,7.80,1),(27,7,9.20,6.30,1),(143,8,9.40,5.10,0),(354,23,8.60,5.50,1),(254,4,7.00,5.90,0),(32,15,7.80,7.10,0),(369,12,5.20,8.90,0),(290,12,7.00,5.60,1),(350,1,6.80,7.30,0),(85,8,9.30,6.50,1),(337,17,7.80,5.60,0),(450,18,9.70,8.30,1),(285,19,5.70,10.00,1),(351,5,6.60,5.60,1),(140,21,9.70,6.00,0),(9,16,6.90,9.90,0),(88,22,9.00,5.90,0),(239,21,9.10,7.40,1),(62,2,8.40,5.40,1),(202,2,5.60,9.70,0),(129,2,6.00,7.10,0),(184,4,5.20,9.40,1),(107,12,9.10,6.70,1),(324,15,8.80,5.60,1),(312,14,8.30,8.40,0),(409,22,6.70,5.90,1),(195,8,8.70,5.40,1),(499,17,6.30,9.20,1),(178,1,6.90,7.50,0),(442,3,6.00,9.50,0),(230,7,7.90,9.10,0),(186,17,6.50,7.70,0),(495,6,6.80,8.40,1),(323,10,5.60,7.30,0),(479,23,6.90,6.00,1),(170,23,9.60,7.70,1),(317,20,8.80,7.90,0),(48,6,5.00,7.40,0),(335,3,7.10,6.70,0),(126,13,5.50,7.20,0),(254,23,10.00,5.40,0),(92,9,6.60,5.60,0),(308,17,5.00,8.90,1),(16,16,6.50,7.80,0),(360,21,6.30,5.30,0),(34,10,6.00,9.80,0),(87,23,8.50,5.70,1),(101,2,9.50,7.10,0),(154,12,5.10,8.50,0),(274,4,6.70,9.70,1),(386,1,6.60,7.30,0),(170,3,8.80,8.40,1),(237,1,7.70,9.30,0),(482,1,6.30,5.90,0),(332,13,9.10,5.00,0);
/*!40000 ALTER TABLE `attends` ENABLE KEYS */;
UNLOCK TABLES;

--
-- Table structure for table `classes`
--

DROP TABLE IF EXISTS `classes`;
/*!40101 SET @saved_cs_client     = @@character_set_client */;
/*!40101 SET character_set_client = utf8 */;
CREATE TABLE `classes` (
  `id` bigint(20) unsigned NOT NULL AUTO_INCREMENT,
  `name` varchar(255) COLLATE utf8mb4_unicode_ci NOT NULL,
  `faculty` varchar(255) COLLATE utf8mb4_unicode_ci NOT NULL,
  `consultant_id` bigint(20) unsigned DEFAULT NULL,
  PRIMARY KEY (`id`),
  KEY `classes_consultant_id_foreign` (`consultant_id`),
  CONSTRAINT `classes_consultant_id_foreign` FOREIGN KEY (`consultant_id`) REFERENCES `users` (`id`) ON DELETE CASCADE
) ENGINE=InnoDB AUTO_INCREMENT=10 DEFAULT CHARSET=utf8mb4 COLLATE=utf8mb4_unicode_ci;
/*!40101 SET character_set_client = @saved_cs_client */;

--
-- Dumping data for table `classes`
--

LOCK TABLES `classes` WRITE;
/*!40000 ALTER TABLE `classes` DISABLE KEYS */;
INSERT INTO `classes` VALUES (1,'QH-2019-I/CQ-C-B','CNTT',1),(2,'QH-2019-I/CQ-C-CLC','CNTT',1),(3,'QH-2019-I/CQ-C-E','CNTT',3),(4,'QH-2019-I/CQ-C-C','CNTT',2),(5,'QH-2019-I/CQ-C-D','CNTT',2),(6,'QH-2019-I/CQ-C-F','CNTT',1),(7,'QH-2019-I/CQ-N','CNTT',2),(8,'QH-2019-I/CQ-J','CNTT',1),(9,'QH-2019-I/CQ-C-A-CLC','CNTT',3);
/*!40000 ALTER TABLE `classes` ENABLE KEYS */;
UNLOCK TABLES;

--
-- Table structure for table `courses`
--

DROP TABLE IF EXISTS `courses`;
/*!40101 SET @saved_cs_client     = @@character_set_client */;
/*!40101 SET character_set_client = utf8 */;
CREATE TABLE `courses` (
  `id` bigint(20) unsigned NOT NULL AUTO_INCREMENT,
  `so_TC` int(10) unsigned NOT NULL,
  `year` year(4) NOT NULL,
  `term` int(10) unsigned NOT NULL,
  `name` varchar(255) COLLATE utf8mb4_unicode_ci NOT NULL,
  `maMH` varchar(255) COLLATE utf8mb4_unicode_ci NOT NULL,
  PRIMARY KEY (`id`)
) ENGINE=InnoDB AUTO_INCREMENT=24 DEFAULT CHARSET=utf8mb4 COLLATE=utf8mb4_unicode_ci;
/*!40101 SET character_set_client = @saved_cs_client */;

--
-- Dumping data for table `courses`
--

LOCK TABLES `courses` WRITE;
/*!40000 ALTER TABLE `courses` DISABLE KEYS */;
INSERT INTO `courses` VALUES (1,3,2020,1,'Giải tích 1','MAT1041'),(2,4,2020,2,'Giải tích 2','MAT1042'),(3,4,2021,2,'Cơ sở dữ liệu','INT2211'),(4,3,2021,2,'Cấu trúc dữ liệu và giải thuật','INT2210'),(5,3,2021,2,'Xác suất thống kê','MAT1101'),(6,4,2020,1,'Tín hiệu và hệ thống','ELT2035'),(7,4,2019,1,'Nhập môn lập trình','INT1008'),(8,3,2020,2,'Lập trình nâng cao','INT2215'),(9,3,2021,2,'Toán học rời rạc','INT1050'),(10,4,2020,1,'Kiến trúc máy tính','INT2212'),(11,3,2019,2,'Mạng máy tính','INT2213'),(12,3,2020,1,'Hệ quản trị cơ sở dữ liệu','INT3202'),(13,4,2020,1,'Công nghệ phần mềm','INT2208'),(14,3,2021,1,'Trí tuệ nhân tạo','INT3401'),(15,2,2019,2,'Tư tưởng Hồ Chí Minh','POL1001'),(16,2,2019,1,'Chủ nghĩa xã hội khoa học','PHI1002'),(17,2,2020,1,'Lịch sử Đảng Cộng sản Việt Nam','HIS1001'),(18,4,2021,2,'Đại số','MAT1093'),(19,3,2021,2,'Nguyên lý hệ điều hành','INT2214'),(20,3,2019,2,'Phát triển ứng dụng web','INT3306'),(21,3,2019,2,'Phát triển ứng dụng di động','INT3120'),(22,3,2019,1,'Kiểm thử phần mềm','INT3317'),(23,3,2019,1,'Lập trình nhúng','INT3108');
/*!40000 ALTER TABLE `courses` ENABLE KEYS */;
UNLOCK TABLES;

--
-- Table structure for table `messages`
--

DROP TABLE IF EXISTS `messages`;
/*!40101 SET @saved_cs_client     = @@character_set_client */;
/*!40101 SET character_set_client = utf8 */;
CREATE TABLE `messages` (
  `id` bigint(20) unsigned NOT NULL AUTO_INCREMENT,
  `message` text COLLATE utf8mb4_unicode_ci NOT NULL,
  `user_id` int(10) unsigned NOT NULL,
  `receiver_id` int(10) unsigned NOT NULL,
  `is_seen` tinyint(1) NOT NULL DEFAULT '0',
  `created_at` timestamp NULL DEFAULT NULL,
  `updated_at` timestamp NULL DEFAULT NULL,
  PRIMARY KEY (`id`)
) ENGINE=InnoDB DEFAULT CHARSET=utf8mb4 COLLATE=utf8mb4_unicode_ci;
/*!40101 SET character_set_client = @saved_cs_client */;

--
-- Dumping data for table `messages`
--

LOCK TABLES `messages` WRITE;
/*!40000 ALTER TABLE `messages` DISABLE KEYS */;
/*!40000 ALTER TABLE `messages` ENABLE KEYS */;
UNLOCK TABLES;

--
-- Table structure for table `migrations`
--

DROP TABLE IF EXISTS `migrations`;
/*!40101 SET @saved_cs_client     = @@character_set_client */;
/*!40101 SET character_set_client = utf8 */;
CREATE TABLE `migrations` (
  `id` int(10) unsigned NOT NULL AUTO_INCREMENT,
  `migration` varchar(255) COLLATE utf8mb4_unicode_ci NOT NULL,
  `batch` int(11) NOT NULL,
  PRIMARY KEY (`id`)
) ENGINE=InnoDB AUTO_INCREMENT=13 DEFAULT CHARSET=utf8mb4 COLLATE=utf8mb4_unicode_ci;
/*!40101 SET character_set_client = @saved_cs_client */;

--
-- Dumping data for table `migrations`
--

LOCK TABLES `migrations` WRITE;
/*!40000 ALTER TABLE `migrations` DISABLE KEYS */;
INSERT INTO `migrations` VALUES (1,'2014_10_12_000000_create_users_table',1),(2,'2014_10_12_100000_create_password_resets_table',1),(3,'2014_10_12_200000_add_two_factor_columns_to_users_table',1),(4,'2019_12_14_000001_create_personal_access_tokens_table',1),(5,'2021_07_16_143302_create_courses_table',1),(6,'2021_07_16_143929_create_messages_table',1),(7,'2021_07_16_143940_create_tasks_table',1),(8,'2021_07_16_145450_create_attends_table',1),(9,'2021_07_24_063147_create_sessions_table',1),(10,'2021_08_01_031002_create_classes_table',1),(11,'2021_08_01_031144_add_class_id_foreign_to_users_table',1),(12,'2021_08_08_081946_add_online_to_users_table',1);
/*!40000 ALTER TABLE `migrations` ENABLE KEYS */;
UNLOCK TABLES;

--
-- Table structure for table `password_resets`
--

DROP TABLE IF EXISTS `password_resets`;
/*!40101 SET @saved_cs_client     = @@character_set_client */;
/*!40101 SET character_set_client = utf8 */;
CREATE TABLE `password_resets` (
  `email` varchar(255) COLLATE utf8mb4_unicode_ci NOT NULL,
  `token` varchar(255) COLLATE utf8mb4_unicode_ci NOT NULL,
  `created_at` timestamp NULL DEFAULT NULL,
  KEY `password_resets_email_index` (`email`)
) ENGINE=InnoDB DEFAULT CHARSET=utf8mb4 COLLATE=utf8mb4_unicode_ci;
/*!40101 SET character_set_client = @saved_cs_client */;

--
-- Dumping data for table `password_resets`
--

LOCK TABLES `password_resets` WRITE;
/*!40000 ALTER TABLE `password_resets` DISABLE KEYS */;
/*!40000 ALTER TABLE `password_resets` ENABLE KEYS */;
UNLOCK TABLES;

--
-- Table structure for table `personal_access_tokens`
--

DROP TABLE IF EXISTS `personal_access_tokens`;
/*!40101 SET @saved_cs_client     = @@character_set_client */;
/*!40101 SET character_set_client = utf8 */;
CREATE TABLE `personal_access_tokens` (
  `id` bigint(20) unsigned NOT NULL AUTO_INCREMENT,
  `tokenable_type` varchar(255) COLLATE utf8mb4_unicode_ci NOT NULL,
  `tokenable_id` bigint(20) unsigned NOT NULL,
  `name` varchar(255) COLLATE utf8mb4_unicode_ci NOT NULL,
  `token` varchar(64) COLLATE utf8mb4_unicode_ci NOT NULL,
  `abilities` text COLLATE utf8mb4_unicode_ci,
  `last_used_at` timestamp NULL DEFAULT NULL,
  `created_at` timestamp NULL DEFAULT NULL,
  `updated_at` timestamp NULL DEFAULT NULL,
  PRIMARY KEY (`id`),
  UNIQUE KEY `personal_access_tokens_token_unique` (`token`),
  KEY `personal_access_tokens_tokenable_type_tokenable_id_index` (`tokenable_type`,`tokenable_id`)
) ENGINE=InnoDB DEFAULT CHARSET=utf8mb4 COLLATE=utf8mb4_unicode_ci;
/*!40101 SET character_set_client = @saved_cs_client */;

--
-- Dumping data for table `personal_access_tokens`
--

LOCK TABLES `personal_access_tokens` WRITE;
/*!40000 ALTER TABLE `personal_access_tokens` DISABLE KEYS */;
/*!40000 ALTER TABLE `personal_access_tokens` ENABLE KEYS */;
UNLOCK TABLES;

--
-- Table structure for table `sessions`
--

DROP TABLE IF EXISTS `sessions`;
/*!40101 SET @saved_cs_client     = @@character_set_client */;
/*!40101 SET character_set_client = utf8 */;
CREATE TABLE `sessions` (
  `id` varchar(255) COLLATE utf8mb4_unicode_ci NOT NULL,
  `user_id` bigint(20) unsigned DEFAULT NULL,
  `ip_address` varchar(45) COLLATE utf8mb4_unicode_ci DEFAULT NULL,
  `user_agent` text COLLATE utf8mb4_unicode_ci,
  `payload` text COLLATE utf8mb4_unicode_ci NOT NULL,
  `last_activity` int(11) NOT NULL,
  PRIMARY KEY (`id`),
  KEY `sessions_user_id_index` (`user_id`),
  KEY `sessions_last_activity_index` (`last_activity`)
) ENGINE=InnoDB DEFAULT CHARSET=utf8mb4 COLLATE=utf8mb4_unicode_ci;
/*!40101 SET character_set_client = @saved_cs_client */;

--
-- Dumping data for table `sessions`
--

LOCK TABLES `sessions` WRITE;
/*!40000 ALTER TABLE `sessions` DISABLE KEYS */;
INSERT INTO `sessions` VALUES ('3gAEPk1zIO9Y1bp1yyoZxfUByt3vkipd6OkIevjB',1,'127.0.0.1','Mozilla/5.0 (X11; Linux x86_64) AppleWebKit/537.36 (KHTML, like Gecko) Chrome/92.0.4515.107 Safari/537.36','YTo2OntzOjY6Il90b2tlbiI7czo0MDoiZVVsM1FZZ1IyTkN3WWtjNXRURWZHSnhSemt4WGpiMlVLRUxGUVpHeSI7czo5OiJfcHJldmlvdXMiO2E6MTp7czozOiJ1cmwiO3M6MzM6Imh0dHA6Ly8xMjcuMC4wLjE6ODAwMS9zdGF0aXN0aWNhbCI7fXM6NjoiX2ZsYXNoIjthOjI6e3M6Mzoib2xkIjthOjA6e31zOjM6Im5ldyI7YTowOnt9fXM6NTA6ImxvZ2luX3dlYl81OWJhMzZhZGRjMmIyZjk0MDE1ODBmMDE0YzdmNThlYTRlMzA5ODlkIjtpOjE7czoxNzoicGFzc3dvcmRfaGFzaF93ZWIiO3M6NjA6IiQyeSQxMCQ5MklYVU5wa2pPMHJPUTVieU1pLlllNG9Lb0VhM1JvOWxsQy8ub2cvYXQyLnVoZVdHL2lnaSI7czoyMToicGFzc3dvcmRfaGFzaF9zYW5jdHVtIjtzOjYwOiIkMnkkMTAkOTJJWFVOcGtqTzByT1E1YnlNaS5ZZTRvS29FYTNSbzlsbEMvLm9nL2F0Mi51aGVXRy9pZ2kiO30=',1628490708);
/*!40000 ALTER TABLE `sessions` ENABLE KEYS */;
UNLOCK TABLES;

--
-- Table structure for table `tasks`
--

DROP TABLE IF EXISTS `tasks`;
/*!40101 SET @saved_cs_client     = @@character_set_client */;
/*!40101 SET character_set_client = utf8 */;
CREATE TABLE `tasks` (
  `id` bigint(20) unsigned NOT NULL AUTO_INCREMENT,
  `name` varchar(255) COLLATE utf8mb4_unicode_ci NOT NULL,
  `progress` int(10) unsigned NOT NULL,
  `detail` varchar(255) COLLATE utf8mb4_unicode_ci DEFAULT NULL,
  `status` varchar(255) COLLATE utf8mb4_unicode_ci NOT NULL,
  `deadline` date NOT NULL,
  `receiver_id` bigint(20) unsigned DEFAULT NULL,
  `creator_id` bigint(20) unsigned DEFAULT NULL,
  `parent_id` bigint(20) unsigned DEFAULT NULL,
  `created_at` timestamp NULL DEFAULT NULL,
  `updated_at` timestamp NULL DEFAULT NULL,
  PRIMARY KEY (`id`),
  KEY `tasks_receiver_id_foreign` (`receiver_id`),
  KEY `tasks_creator_id_foreign` (`creator_id`),
  KEY `tasks_parent_id_foreign` (`parent_id`),
  CONSTRAINT `tasks_creator_id_foreign` FOREIGN KEY (`creator_id`) REFERENCES `users` (`id`) ON DELETE SET NULL,
  CONSTRAINT `tasks_parent_id_foreign` FOREIGN KEY (`parent_id`) REFERENCES `tasks` (`id`) ON DELETE SET NULL,
  CONSTRAINT `tasks_receiver_id_foreign` FOREIGN KEY (`receiver_id`) REFERENCES `users` (`id`) ON DELETE SET NULL
) ENGINE=InnoDB DEFAULT CHARSET=utf8mb4 COLLATE=utf8mb4_unicode_ci;
/*!40101 SET character_set_client = @saved_cs_client */;

--
-- Dumping data for table `tasks`
--

LOCK TABLES `tasks` WRITE;
/*!40000 ALTER TABLE `tasks` DISABLE KEYS */;
/*!40000 ALTER TABLE `tasks` ENABLE KEYS */;
UNLOCK TABLES;

--
-- Table structure for table `users`
--

DROP TABLE IF EXISTS `users`;
/*!40101 SET @saved_cs_client     = @@character_set_client */;
/*!40101 SET character_set_client = utf8 */;
CREATE TABLE `users` (
  `id` bigint(20) unsigned NOT NULL AUTO_INCREMENT,
  `name` varchar(255) COLLATE utf8mb4_unicode_ci NOT NULL,
  `email` varchar(255) COLLATE utf8mb4_unicode_ci NOT NULL,
  `email_verified_at` timestamp NULL DEFAULT NULL,
  `password` varchar(255) COLLATE utf8mb4_unicode_ci NOT NULL,
  `two_factor_secret` text COLLATE utf8mb4_unicode_ci,
  `two_factor_recovery_codes` text COLLATE utf8mb4_unicode_ci,
  `remember_token` varchar(100) COLLATE utf8mb4_unicode_ci DEFAULT NULL,
  `current_team_id` bigint(20) unsigned DEFAULT NULL,
  `profile_photo_path` varchar(2048) COLLATE utf8mb4_unicode_ci DEFAULT NULL,
  `created_at` timestamp NULL DEFAULT NULL,
  `updated_at` timestamp NULL DEFAULT NULL,
  `date_of_birth` date NOT NULL DEFAULT '2021-08-09',
  `role_id` tinyint(3) unsigned NOT NULL DEFAULT '3',
  `so_lan_nhac_nho` int(11) DEFAULT '0',
  `diem_chuyen_can` int(10) unsigned DEFAULT NULL,
  `hoan_canh` varchar(255) COLLATE utf8mb4_unicode_ci DEFAULT NULL,
  `class_id` bigint(20) unsigned NOT NULL,
  `msv` bigint(20) unsigned NOT NULL,
  `is_online` tinyint(1) NOT NULL DEFAULT '0',
  `last_activity` varchar(255) COLLATE utf8mb4_unicode_ci DEFAULT NULL,
  PRIMARY KEY (`id`),
  UNIQUE KEY `users_email_unique` (`email`),
  UNIQUE KEY `users_msv_unique` (`msv`),
  KEY `users_class_id_foreign` (`class_id`),
  CONSTRAINT `users_class_id_foreign` FOREIGN KEY (`class_id`) REFERENCES `classes` (`id`) ON DELETE CASCADE
) ENGINE=InnoDB AUTO_INCREMENT=472 DEFAULT CHARSET=utf8mb4 COLLATE=utf8mb4_unicode_ci;
/*!40101 SET character_set_client = @saved_cs_client */;

--
-- Dumping data for table `users`
--

LOCK TABLES `users` WRITE;
/*!40000 ALTER TABLE `users` DISABLE KEYS */;
INSERT INTO `users` VALUES (1,'Trần Thị Thu','thutt@vnu.edu.vn',NULL,'$2y$10$92IXUNpkjO0rOQ5byMi.Ye4oKoEa3Ro9llC/.og/at2.uheWG/igi',NULL,NULL,NULL,NULL,NULL,NULL,'2021-08-08 23:31:48','1985-02-19',1,NULL,NULL,NULL,1,12021944,1,'2021-08-09 06:32:48'),(2,'Nguyễn Thị Anh Thư','thunta@vnu.edu.vn',NULL,'$2y$10$92IXUNpkjO0rOQ5byMi.Ye4oKoEa3Ro9llC/.og/at2.uheWG/igi',NULL,NULL,NULL,NULL,NULL,NULL,NULL,'1978-02-18',1,NULL,NULL,NULL,1,17020003,0,NULL),(3,'Hoàng Thj Nhạn','nhanht@vnu.edu.vn',NULL,'$2y$10$92IXUNpkjO0rOQ5byMi.Ye4oKoEa3Ro9llC/.og/at2.uheWG/igi',NULL,NULL,NULL,NULL,NULL,NULL,NULL,'1995-02-18',1,NULL,NULL,NULL,1,17020020,0,NULL),(4,'Nguyễn Thị Thu Trang','trangntt@vnu.edu.vn',NULL,'$2y$10$92IXUNpkjO0rOQ5byMi.Ye4oKoEa3Ro9llC/.og/at2.uheWG/igi',NULL,NULL,NULL,NULL,NULL,NULL,NULL,'1993-05-15',1,NULL,NULL,NULL,1,17020035,0,NULL),(5,'Ngô Văn An','17020036@vnu.edu.vn',NULL,'$2y$10$92IXUNpkjO0rOQ5byMi.Ye4oKoEa3Ro9llC/.og/at2.uheWG/igi',NULL,NULL,NULL,NULL,NULL,NULL,NULL,'2000-12-18',2,NULL,NULL,NULL,2,17020036,0,NULL),(6,'Nguyễn Đăng An','17020049@vnu.edu.vn',NULL,'$2y$10$92IXUNpkjO0rOQ5byMi.Ye4oKoEa3Ro9llC/.og/at2.uheWG/igi',NULL,NULL,NULL,NULL,NULL,NULL,NULL,'2000-06-22',2,NULL,NULL,NULL,4,17020049,0,NULL),(7,'Nguyễn Văn An','17020095@vnu.edu.vn',NULL,'$2y$10$92IXUNpkjO0rOQ5byMi.Ye4oKoEa3Ro9llC/.og/at2.uheWG/igi',NULL,NULL,NULL,NULL,NULL,NULL,NULL,'2000-07-02',2,NULL,NULL,NULL,1,17020095,0,NULL),(8,'Đinh Vĩnh Anh','17020183@vnu.edu.vn',NULL,'$2y$10$92IXUNpkjO0rOQ5byMi.Ye4oKoEa3Ro9llC/.og/at2.uheWG/igi',NULL,NULL,NULL,NULL,NULL,NULL,NULL,'2000-08-05',2,NULL,NULL,NULL,9,17020183,0,NULL),(9,'Hoàng Đức Anh','17020575@vnu.edu.vn',NULL,'$2y$10$92IXUNpkjO0rOQ5byMi.Ye4oKoEa3Ro9llC/.og/at2.uheWG/igi',NULL,NULL,NULL,NULL,NULL,NULL,NULL,'2000-09-17',2,NULL,NULL,NULL,1,17020575,0,NULL),(10,'Hoàng Vũ Duy Anh','17020577@vnu.edu.vn',NULL,'$2y$10$92IXUNpkjO0rOQ5byMi.Ye4oKoEa3Ro9llC/.og/at2.uheWG/igi',NULL,NULL,NULL,NULL,NULL,NULL,NULL,'2000-12-12',2,NULL,NULL,'Hộ nghèo',9,17020577,0,NULL),(11,'Lưu Xuân Bách','17020578@vnu.edu.vn',NULL,'$2y$10$92IXUNpkjO0rOQ5byMi.Ye4oKoEa3Ro9llC/.og/at2.uheWG/igi',NULL,NULL,NULL,NULL,NULL,NULL,NULL,'2000-05-21',2,NULL,NULL,NULL,3,17020578,0,NULL),(12,'Lê Minh Bình','17020598@vnu.edu.vn',NULL,'$2y$10$92IXUNpkjO0rOQ5byMi.Ye4oKoEa3Ro9llC/.og/at2.uheWG/igi',NULL,NULL,NULL,NULL,NULL,NULL,NULL,'2000-12-19',2,NULL,NULL,NULL,7,17020598,0,NULL),(13,'Nguyễn Ninh Chi','17020601@vnu.edu.vn',NULL,'$2y$10$92IXUNpkjO0rOQ5byMi.Ye4oKoEa3Ro9llC/.og/at2.uheWG/igi',NULL,NULL,NULL,NULL,NULL,NULL,NULL,'2000-06-20',2,NULL,NULL,NULL,2,17020601,0,NULL),(14,'Nguyễn Quốc Dũng','17020614@vnu.edu.vn',NULL,'$2y$10$92IXUNpkjO0rOQ5byMi.Ye4oKoEa3Ro9llC/.og/at2.uheWG/igi',NULL,NULL,NULL,NULL,NULL,NULL,NULL,'2000-07-10',2,NULL,NULL,'Hộ nghèo',6,17020614,0,NULL),(15,'Vũ Đức Dương','17020641@vnu.edu.vn',NULL,'$2y$10$92IXUNpkjO0rOQ5byMi.Ye4oKoEa3Ro9llC/.og/at2.uheWG/igi',NULL,NULL,NULL,NULL,NULL,NULL,NULL,'2000-03-19',2,NULL,NULL,NULL,3,17020641,0,NULL),(16,'Bạch Trọng Đạo','17020645@vnu.edu.vn',NULL,'$2y$10$92IXUNpkjO0rOQ5byMi.Ye4oKoEa3Ro9llC/.og/at2.uheWG/igi',NULL,NULL,NULL,NULL,NULL,NULL,NULL,'2000-04-04',2,NULL,NULL,NULL,7,17020645,0,NULL),(17,'Vũ Thành Đạt','17020647@vnu.edu.vn',NULL,'$2y$10$92IXUNpkjO0rOQ5byMi.Ye4oKoEa3Ro9llC/.og/at2.uheWG/igi',NULL,NULL,NULL,NULL,NULL,NULL,NULL,'2000-06-09',2,NULL,NULL,NULL,5,17020647,0,NULL),(18,'Đỗ Trung Đức','17020652@vnu.edu.vn',NULL,'$2y$10$92IXUNpkjO0rOQ5byMi.Ye4oKoEa3Ro9llC/.og/at2.uheWG/igi',NULL,NULL,NULL,NULL,NULL,NULL,NULL,'2000-04-03',2,1,NULL,'Hộ nghèo',1,17020652,0,NULL),(19,'Lê Anh Đức','17020667@vnu.edu.vn',NULL,'$2y$10$92IXUNpkjO0rOQ5byMi.Ye4oKoEa3Ro9llC/.og/at2.uheWG/igi',NULL,NULL,NULL,NULL,NULL,NULL,NULL,'2000-02-08',2,NULL,NULL,NULL,5,17020667,0,NULL),(20,'Phạm Ngọc Việt Đức','17020668@vnu.edu.vn',NULL,'$2y$10$92IXUNpkjO0rOQ5byMi.Ye4oKoEa3Ro9llC/.og/at2.uheWG/igi',NULL,NULL,NULL,NULL,NULL,NULL,NULL,'2000-08-26',2,NULL,NULL,NULL,7,17020668,0,NULL),(21,'Đào Minh Hải','17020679@vnu.edu.vn',NULL,'$2y$10$92IXUNpkjO0rOQ5byMi.Ye4oKoEa3Ro9llC/.og/at2.uheWG/igi',NULL,NULL,NULL,NULL,NULL,NULL,NULL,'2000-01-29',2,1,NULL,NULL,6,17020679,0,NULL),(22,'Trần Thanh Hải','17020680@vnu.edu.vn',NULL,'$2y$10$92IXUNpkjO0rOQ5byMi.Ye4oKoEa3Ro9llC/.og/at2.uheWG/igi',NULL,NULL,NULL,NULL,NULL,NULL,NULL,'2000-09-25',2,1,NULL,NULL,9,17020680,0,NULL),(23,'Bùi Đức Hiếu','17020700@vnu.edu.vn',NULL,'$2y$10$92IXUNpkjO0rOQ5byMi.Ye4oKoEa3Ro9llC/.og/at2.uheWG/igi',NULL,NULL,NULL,NULL,NULL,NULL,NULL,'2000-10-28',2,1,NULL,NULL,2,17020700,0,NULL),(24,'Phạm Văn Hiếu','17020714@vnu.edu.vn',NULL,'$2y$10$92IXUNpkjO0rOQ5byMi.Ye4oKoEa3Ro9llC/.og/at2.uheWG/igi',NULL,NULL,NULL,NULL,NULL,NULL,NULL,'2000-09-15',2,NULL,NULL,NULL,5,17020714,0,NULL),(25,'Nguyễn Duy Hòa','17020720@vnu.edu.vn',NULL,'$2y$10$92IXUNpkjO0rOQ5byMi.Ye4oKoEa3Ro9llC/.og/at2.uheWG/igi',NULL,NULL,NULL,NULL,NULL,NULL,NULL,'2000-10-25',2,NULL,NULL,NULL,0,17020720,0,NULL),(26,'Đào Huy Hoàng','17020722@vnu.edu.vn',NULL,'$2y$10$92IXUNpkjO0rOQ5byMi.Ye4oKoEa3Ro9llC/.og/at2.uheWG/igi',NULL,NULL,NULL,NULL,NULL,NULL,NULL,'2000-08-21',2,NULL,NULL,'Hộ nghèo',3,17020722,0,NULL),(27,'Trần Đức Huân','17020734@vnu.edu.vn',NULL,'$2y$10$92IXUNpkjO0rOQ5byMi.Ye4oKoEa3Ro9llC/.og/at2.uheWG/igi',NULL,NULL,NULL,NULL,NULL,NULL,NULL,'2000-10-25',2,NULL,NULL,NULL,3,17020734,0,NULL),(28,'Nguyễn Hữu Hùng','17020736@vnu.edu.vn',NULL,'$2y$10$92IXUNpkjO0rOQ5byMi.Ye4oKoEa3Ro9llC/.og/at2.uheWG/igi',NULL,NULL,NULL,NULL,NULL,NULL,NULL,'2000-07-28',2,NULL,NULL,NULL,5,17020736,0,NULL),(29,'Nguyễn Văn Hùng','17020738@vnu.edu.vn',NULL,'$2y$10$92IXUNpkjO0rOQ5byMi.Ye4oKoEa3Ro9llC/.og/at2.uheWG/igi',NULL,NULL,NULL,NULL,NULL,NULL,NULL,'2000-02-14',2,1,NULL,NULL,9,17020738,0,NULL),(30,'Chu Thái Huy','17020740@vnu.edu.vn',NULL,'$2y$10$92IXUNpkjO0rOQ5byMi.Ye4oKoEa3Ro9llC/.og/at2.uheWG/igi',NULL,NULL,NULL,NULL,NULL,NULL,NULL,'2000-11-29',2,1,NULL,NULL,1,17020740,0,NULL),(31,'Vũ Quang Huy','17020743@vnu.edu.vn',NULL,'$2y$10$92IXUNpkjO0rOQ5byMi.Ye4oKoEa3Ro9llC/.og/at2.uheWG/igi',NULL,NULL,NULL,NULL,NULL,NULL,NULL,'2000-09-10',2,NULL,NULL,NULL,8,17020743,0,NULL),(32,'Nguyễn Thanh Huyền','17020749@vnu.edu.vn',NULL,'$2y$10$92IXUNpkjO0rOQ5byMi.Ye4oKoEa3Ro9llC/.og/at2.uheWG/igi',NULL,NULL,NULL,NULL,NULL,NULL,NULL,'2000-12-02',2,NULL,NULL,NULL,7,17020749,0,NULL),(33,'Đặng Tuấn Hưng','17020769@vnu.edu.vn',NULL,'$2y$10$92IXUNpkjO0rOQ5byMi.Ye4oKoEa3Ro9llC/.og/at2.uheWG/igi',NULL,NULL,NULL,NULL,NULL,NULL,NULL,'2000-11-29',2,NULL,NULL,NULL,5,17020769,0,NULL),(34,'Phạm Trung Kiên','17020773@vnu.edu.vn',NULL,'$2y$10$92IXUNpkjO0rOQ5byMi.Ye4oKoEa3Ro9llC/.og/at2.uheWG/igi',NULL,NULL,NULL,NULL,NULL,NULL,NULL,'2000-06-08',2,NULL,NULL,NULL,4,17020773,0,NULL),(35,'Phùng Thị Khánh Linh','17020775@vnu.edu.vn',NULL,'$2y$10$92IXUNpkjO0rOQ5byMi.Ye4oKoEa3Ro9llC/.og/at2.uheWG/igi',NULL,NULL,NULL,NULL,NULL,NULL,NULL,'1999-06-08',2,11,NULL,NULL,1,17020775,0,NULL),(36,'Nguyễn Phi Long','17020779@vnu.edu.vn',NULL,'$2y$10$92IXUNpkjO0rOQ5byMi.Ye4oKoEa3Ro9llC/.og/at2.uheWG/igi',NULL,NULL,NULL,NULL,NULL,NULL,NULL,'2000-09-21',2,NULL,NULL,NULL,7,17020779,0,NULL),(37,'Nguyễn Thành Long','17020802@vnu.edu.vn',NULL,'$2y$10$92IXUNpkjO0rOQ5byMi.Ye4oKoEa3Ro9llC/.og/at2.uheWG/igi',NULL,NULL,NULL,NULL,NULL,NULL,NULL,'2000-05-08',2,1,NULL,NULL,6,17020802,0,NULL),(38,'Nguyễn Tuấn Long','17020812@vnu.edu.vn',NULL,'$2y$10$92IXUNpkjO0rOQ5byMi.Ye4oKoEa3Ro9llC/.og/at2.uheWG/igi',NULL,NULL,NULL,NULL,NULL,NULL,NULL,'2000-08-24',2,NULL,NULL,NULL,2,17020812,0,NULL),(39,'Phạm Đức Long','17020817@vnu.edu.vn',NULL,'$2y$10$92IXUNpkjO0rOQ5byMi.Ye4oKoEa3Ro9llC/.og/at2.uheWG/igi',NULL,NULL,NULL,NULL,NULL,NULL,NULL,'2000-02-10',2,11,NULL,NULL,9,17020817,0,NULL),(40,'Cao Duy Mạnh','17020830@vnu.edu.vn',NULL,'$2y$10$92IXUNpkjO0rOQ5byMi.Ye4oKoEa3Ro9llC/.og/at2.uheWG/igi',NULL,NULL,NULL,NULL,NULL,NULL,NULL,'2000-12-19',2,NULL,NULL,NULL,1,17020830,0,NULL),(41,'Đào Đức Minh','17020839@vnu.edu.vn',NULL,'$2y$10$92IXUNpkjO0rOQ5byMi.Ye4oKoEa3Ro9llC/.og/at2.uheWG/igi',NULL,NULL,NULL,NULL,NULL,NULL,NULL,'2000-12-05',2,1,NULL,NULL,5,17020839,0,NULL),(42,'Phạm Quang Minh','17020846@vnu.edu.vn',NULL,'$2y$10$92IXUNpkjO0rOQ5byMi.Ye4oKoEa3Ro9llC/.og/at2.uheWG/igi',NULL,NULL,NULL,NULL,NULL,NULL,NULL,'2000-12-23',2,1,NULL,NULL,4,17020846,0,NULL),(43,'Trịnh Thị Nga','17020847@vnu.edu.vn',NULL,'$2y$10$92IXUNpkjO0rOQ5byMi.Ye4oKoEa3Ro9llC/.og/at2.uheWG/igi',NULL,NULL,NULL,NULL,NULL,NULL,NULL,'2000-04-16',2,NULL,NULL,NULL,5,17020847,0,NULL),(44,'Nguyễn Đình Ngọc','17020864@vnu.edu.vn',NULL,'$2y$10$92IXUNpkjO0rOQ5byMi.Ye4oKoEa3Ro9llC/.og/at2.uheWG/igi',NULL,NULL,NULL,NULL,NULL,NULL,NULL,'2000-06-24',2,1,NULL,NULL,1,17020864,0,NULL),(45,'Trần Quang Nguyên','17020867@vnu.edu.vn',NULL,'$2y$10$92IXUNpkjO0rOQ5byMi.Ye4oKoEa3Ro9llC/.og/at2.uheWG/igi',NULL,NULL,NULL,NULL,NULL,NULL,NULL,'2000-11-28',2,1,NULL,NULL,4,17020867,0,NULL),(46,'Vũ Đức Nguyên','17020883@vnu.edu.vn',NULL,'$2y$10$92IXUNpkjO0rOQ5byMi.Ye4oKoEa3Ro9llC/.og/at2.uheWG/igi',NULL,NULL,NULL,NULL,NULL,NULL,NULL,'2000-02-22',2,1,NULL,NULL,3,17020883,0,NULL),(47,'Lê Quang Nhật','17020884@vnu.edu.vn',NULL,'$2y$10$92IXUNpkjO0rOQ5byMi.Ye4oKoEa3Ro9llC/.og/at2.uheWG/igi',NULL,NULL,NULL,NULL,NULL,NULL,NULL,'2000-12-06',2,NULL,NULL,NULL,7,17020884,0,NULL),(48,'Trần Thị Nhung','17020886@vnu.edu.vn',NULL,'$2y$10$92IXUNpkjO0rOQ5byMi.Ye4oKoEa3Ro9llC/.og/at2.uheWG/igi',NULL,NULL,NULL,NULL,NULL,NULL,NULL,'2000-10-27',2,1,NULL,NULL,9,17020886,0,NULL),(49,'Trịnh Thị Nhung','17020894@vnu.edu.vn',NULL,'$2y$10$92IXUNpkjO0rOQ5byMi.Ye4oKoEa3Ro9llC/.og/at2.uheWG/igi',NULL,NULL,NULL,NULL,NULL,NULL,NULL,'2000-01-20',2,NULL,NULL,NULL,0,17020894,0,NULL),(50,'Nguyễn Đình Phan','17020900@vnu.edu.vn',NULL,'$2y$10$92IXUNpkjO0rOQ5byMi.Ye4oKoEa3Ro9llC/.og/at2.uheWG/igi',NULL,NULL,NULL,NULL,NULL,NULL,NULL,'2000-03-28',2,NULL,NULL,NULL,9,17020900,0,NULL),(51,'Nguyễn Thế Phan','17020914@vnu.edu.vn',NULL,'$2y$10$92IXUNpkjO0rOQ5byMi.Ye4oKoEa3Ro9llC/.og/at2.uheWG/igi',NULL,NULL,NULL,NULL,NULL,NULL,NULL,'2000-01-14',2,NULL,NULL,NULL,1,17020914,0,NULL),(52,'Bùi Khánh Phương','17020915@vnu.edu.vn',NULL,'$2y$10$92IXUNpkjO0rOQ5byMi.Ye4oKoEa3Ro9llC/.og/at2.uheWG/igi',NULL,NULL,NULL,NULL,NULL,NULL,NULL,'2000-07-22',2,1,NULL,NULL,8,17020915,0,NULL),(53,'Nguyễn Thị Thu Phương','17020925@vnu.edu.vn',NULL,'$2y$10$92IXUNpkjO0rOQ5byMi.Ye4oKoEa3Ro9llC/.og/at2.uheWG/igi',NULL,NULL,NULL,NULL,NULL,NULL,NULL,'2000-03-15',2,1,NULL,'Hộ nghèo',5,17020925,0,NULL),(54,'Nguyễn Minh Quang','17020943@vnu.edu.vn',NULL,'$2y$10$92IXUNpkjO0rOQ5byMi.Ye4oKoEa3Ro9llC/.og/at2.uheWG/igi',NULL,NULL,NULL,NULL,NULL,NULL,NULL,'2000-09-11',2,NULL,NULL,NULL,5,17020943,0,NULL),(55,'Lê Anh Quân','17020948@vnu.edu.vn',NULL,'$2y$10$92IXUNpkjO0rOQ5byMi.Ye4oKoEa3Ro9llC/.og/at2.uheWG/igi',NULL,NULL,NULL,NULL,NULL,NULL,NULL,'2000-05-23',2,1,NULL,NULL,5,17020948,0,NULL),(56,'Lê Quang Quân','17020957@vnu.edu.vn',NULL,'$2y$10$92IXUNpkjO0rOQ5byMi.Ye4oKoEa3Ro9llC/.og/at2.uheWG/igi',NULL,NULL,NULL,NULL,NULL,NULL,NULL,'2000-09-06',2,1,NULL,NULL,4,17020957,0,NULL),(57,'Nguyễn Chí Thành','17020988@vnu.edu.vn',NULL,'$2y$10$92IXUNpkjO0rOQ5byMi.Ye4oKoEa3Ro9llC/.og/at2.uheWG/igi',NULL,NULL,NULL,NULL,NULL,NULL,NULL,'2000-10-07',2,NULL,NULL,NULL,9,17020988,0,NULL),(58,'Nguyễn Tuấn Thành','17021002@vnu.edu.vn',NULL,'$2y$10$92IXUNpkjO0rOQ5byMi.Ye4oKoEa3Ro9llC/.og/at2.uheWG/igi',NULL,NULL,NULL,NULL,NULL,NULL,NULL,'2000-10-04',2,NULL,NULL,NULL,8,17021002,0,NULL),(59,'Nguyễn Xuân Thành','17021003@vnu.edu.vn',NULL,'$2y$10$92IXUNpkjO0rOQ5byMi.Ye4oKoEa3Ro9llC/.og/at2.uheWG/igi',NULL,NULL,NULL,NULL,NULL,NULL,NULL,'2000-01-24',2,NULL,NULL,NULL,1,17021003,0,NULL),(60,'Nguyễn Phương Thảo','17021010@vnu.edu.vn',NULL,'$2y$10$92IXUNpkjO0rOQ5byMi.Ye4oKoEa3Ro9llC/.og/at2.uheWG/igi',NULL,NULL,NULL,NULL,NULL,NULL,NULL,'2000-06-10',2,NULL,NULL,NULL,0,17021010,0,NULL),(61,'Nguyễn Đức Thắng','17021027@vnu.edu.vn',NULL,'$2y$10$92IXUNpkjO0rOQ5byMi.Ye4oKoEa3Ro9llC/.og/at2.uheWG/igi',NULL,NULL,NULL,NULL,NULL,NULL,NULL,'2000-05-20',2,NULL,NULL,NULL,8,17021027,0,NULL),(62,'Hồ Văn Thép','17021028@vnu.edu.vn',NULL,'$2y$10$92IXUNpkjO0rOQ5byMi.Ye4oKoEa3Ro9llC/.og/at2.uheWG/igi',NULL,NULL,NULL,NULL,NULL,NULL,NULL,'2000-05-19',2,2,NULL,NULL,7,17021028,0,NULL),(63,'Lê Thái Thịnh','17021030@vnu.edu.vn',NULL,'$2y$10$92IXUNpkjO0rOQ5byMi.Ye4oKoEa3Ro9llC/.og/at2.uheWG/igi',NULL,NULL,NULL,NULL,NULL,NULL,NULL,'2000-04-24',2,NULL,NULL,NULL,4,17021030,0,NULL),(64,'Phan Bùi Phúc Thịnh','17021031@vnu.edu.vn',NULL,'$2y$10$92IXUNpkjO0rOQ5byMi.Ye4oKoEa3Ro9llC/.og/at2.uheWG/igi',NULL,NULL,NULL,NULL,NULL,NULL,NULL,'2000-06-05',2,3,NULL,NULL,5,17021031,0,NULL),(65,'Nguyễn Thị Hoài Thu','17021032@vnu.edu.vn',NULL,'$2y$10$92IXUNpkjO0rOQ5byMi.Ye4oKoEa3Ro9llC/.og/at2.uheWG/igi',NULL,NULL,NULL,NULL,NULL,NULL,NULL,'2000-02-01',2,NULL,NULL,NULL,6,17021032,0,NULL),(66,'Phạm Trung Thức','17021039@vnu.edu.vn',NULL,'$2y$10$92IXUNpkjO0rOQ5byMi.Ye4oKoEa3Ro9llC/.og/at2.uheWG/igi',NULL,NULL,NULL,NULL,NULL,NULL,NULL,'2000-05-26',2,NULL,NULL,NULL,2,17021039,0,NULL),(67,'Trịnh Thị Thu Trang','17021052@vnu.edu.vn',NULL,'$2y$10$92IXUNpkjO0rOQ5byMi.Ye4oKoEa3Ro9llC/.og/at2.uheWG/igi',NULL,NULL,NULL,NULL,NULL,NULL,NULL,'2000-11-27',2,NULL,NULL,NULL,1,17021052,0,NULL),(68,'Nguyễn Đắc Trường','17021053@vnu.edu.vn',NULL,'$2y$10$92IXUNpkjO0rOQ5byMi.Ye4oKoEa3Ro9llC/.og/at2.uheWG/igi',NULL,NULL,NULL,NULL,NULL,NULL,NULL,'2000-09-07',2,NULL,NULL,NULL,8,17021053,0,NULL),(69,'Nguyễn Xuân Trường','17021077@vnu.edu.vn',NULL,'$2y$10$92IXUNpkjO0rOQ5byMi.Ye4oKoEa3Ro9llC/.og/at2.uheWG/igi',NULL,NULL,NULL,NULL,NULL,NULL,NULL,'2000-12-14',2,NULL,NULL,NULL,6,17021077,0,NULL),(70,'Nguyễn Anh Tuấn','17021078@vnu.edu.vn',NULL,'$2y$10$92IXUNpkjO0rOQ5byMi.Ye4oKoEa3Ro9llC/.og/at2.uheWG/igi',NULL,NULL,NULL,NULL,NULL,NULL,NULL,'2000-04-18',2,3,NULL,NULL,0,17021078,0,NULL),(71,'Nguyễn Văn Xuân','17021079@vnu.edu.vn',NULL,'$2y$10$92IXUNpkjO0rOQ5byMi.Ye4oKoEa3Ro9llC/.og/at2.uheWG/igi',NULL,NULL,NULL,NULL,NULL,NULL,NULL,'1999-05-13',2,NULL,NULL,NULL,9,17021079,0,NULL),(72,'Nguyễn Kiên Cường','17021098@vnu.edu.vn',NULL,'$2y$10$92IXUNpkjO0rOQ5byMi.Ye4oKoEa3Ro9llC/.og/at2.uheWG/igi',NULL,NULL,NULL,NULL,NULL,NULL,NULL,'2000-07-01',2,NULL,NULL,NULL,2,17021098,0,NULL),(73,'Đào Minh Hải','17021103@vnu.edu.vn',NULL,'$2y$10$92IXUNpkjO0rOQ5byMi.Ye4oKoEa3Ro9llC/.og/at2.uheWG/igi',NULL,NULL,NULL,NULL,NULL,NULL,NULL,'2000-01-29',2,NULL,NULL,NULL,9,17021103,0,NULL),(74,'Phan Việt Hoàng','17021130@vnu.edu.vn',NULL,'$2y$10$92IXUNpkjO0rOQ5byMi.Ye4oKoEa3Ro9llC/.og/at2.uheWG/igi',NULL,NULL,NULL,NULL,NULL,NULL,NULL,'2000-07-18',2,3,NULL,NULL,1,17021130,0,NULL),(75,'Nguyễn Quốc Khánh','17021132@vnu.edu.vn',NULL,'$2y$10$92IXUNpkjO0rOQ5byMi.Ye4oKoEa3Ro9llC/.og/at2.uheWG/igi',NULL,NULL,NULL,NULL,NULL,NULL,NULL,'2000-12-02',2,NULL,NULL,NULL,0,17021132,0,NULL),(76,'Đoàn Trọng Khôi','17021135@vnu.edu.vn',NULL,'$2y$10$92IXUNpkjO0rOQ5byMi.Ye4oKoEa3Ro9llC/.og/at2.uheWG/igi',NULL,NULL,NULL,NULL,NULL,NULL,NULL,'2000-11-07',2,NULL,NULL,NULL,2,17021135,0,NULL),(77,'Nguyễn Quang Minh','17021143@vnu.edu.vn',NULL,'$2y$10$92IXUNpkjO0rOQ5byMi.Ye4oKoEa3Ro9llC/.og/at2.uheWG/igi',NULL,NULL,NULL,NULL,NULL,NULL,NULL,'2000-03-20',2,NULL,NULL,NULL,0,17021143,0,NULL),(78,'Nguyễn Xuân Minh','17021199@vnu.edu.vn',NULL,'$2y$10$92IXUNpkjO0rOQ5byMi.Ye4oKoEa3Ro9llC/.og/at2.uheWG/igi',NULL,NULL,NULL,NULL,NULL,NULL,NULL,'2000-05-03',2,NULL,NULL,NULL,7,17021199,0,NULL),(79,'Nguyễn Quang Phúc','17021209@vnu.edu.vn',NULL,'$2y$10$92IXUNpkjO0rOQ5byMi.Ye4oKoEa3Ro9llC/.og/at2.uheWG/igi',NULL,NULL,NULL,NULL,NULL,NULL,NULL,'2000-07-30',2,3,NULL,NULL,4,17021209,0,NULL),(80,'Nguyễn Minh Quang','17021218@vnu.edu.vn',NULL,'$2y$10$92IXUNpkjO0rOQ5byMi.Ye4oKoEa3Ro9llC/.og/at2.uheWG/igi',NULL,NULL,NULL,NULL,NULL,NULL,NULL,'2000-09-11',2,NULL,NULL,NULL,1,17021218,0,NULL),(81,'Lê Quang Quân','17021228@vnu.edu.vn',NULL,'$2y$10$92IXUNpkjO0rOQ5byMi.Ye4oKoEa3Ro9llC/.og/at2.uheWG/igi',NULL,NULL,NULL,NULL,NULL,NULL,NULL,'2000-09-06',2,NULL,NULL,NULL,9,17021228,0,NULL),(82,'Nguyễn Đức Tài','17021234@vnu.edu.vn',NULL,'$2y$10$92IXUNpkjO0rOQ5byMi.Ye4oKoEa3Ro9llC/.og/at2.uheWG/igi',NULL,NULL,NULL,NULL,NULL,NULL,NULL,'2000-07-07',2,NULL,NULL,NULL,0,17021234,0,NULL),(83,'Phạm Như Thiên Tân','17021244@vnu.edu.vn',NULL,'$2y$10$92IXUNpkjO0rOQ5byMi.Ye4oKoEa3Ro9llC/.og/at2.uheWG/igi',NULL,NULL,NULL,NULL,NULL,NULL,NULL,'2000-01-04',2,NULL,NULL,NULL,7,17021244,0,NULL),(84,'Nguyễn Duy Thành','17021260@vnu.edu.vn',NULL,'$2y$10$92IXUNpkjO0rOQ5byMi.Ye4oKoEa3Ro9llC/.og/at2.uheWG/igi',NULL,NULL,NULL,NULL,NULL,NULL,NULL,'2000-03-08',2,NULL,NULL,NULL,3,17021260,0,NULL),(85,'Nguyễn Thị Hoài Thu','17021267@vnu.edu.vn',NULL,'$2y$10$92IXUNpkjO0rOQ5byMi.Ye4oKoEa3Ro9llC/.og/at2.uheWG/igi',NULL,NULL,NULL,NULL,NULL,NULL,NULL,'2000-02-01',2,3,NULL,NULL,2,17021267,0,NULL),(86,'Vũ Quỳnh Trang','17021269@vnu.edu.vn',NULL,'$2y$10$92IXUNpkjO0rOQ5byMi.Ye4oKoEa3Ro9llC/.og/at2.uheWG/igi',NULL,NULL,NULL,NULL,NULL,NULL,NULL,'2000-01-15',2,NULL,NULL,'Con thương binh',3,17021269,0,NULL),(87,'Lý Hà Trung','17021283@vnu.edu.vn',NULL,'$2y$10$92IXUNpkjO0rOQ5byMi.Ye4oKoEa3Ro9llC/.og/at2.uheWG/igi',NULL,NULL,NULL,NULL,NULL,NULL,NULL,'2000-03-12',2,NULL,NULL,NULL,4,17021283,0,NULL),(88,'Dương Văn Trường','17021298@vnu.edu.vn',NULL,'$2y$10$92IXUNpkjO0rOQ5byMi.Ye4oKoEa3Ro9llC/.og/at2.uheWG/igi',NULL,NULL,NULL,NULL,NULL,NULL,NULL,'2000-07-25',2,NULL,NULL,NULL,2,17021298,0,NULL),(89,'Nguyễn Phú Trường','17021302@vnu.edu.vn',NULL,'$2y$10$92IXUNpkjO0rOQ5byMi.Ye4oKoEa3Ro9llC/.og/at2.uheWG/igi',NULL,NULL,NULL,NULL,NULL,NULL,NULL,'2000-07-27',2,NULL,NULL,NULL,2,17021302,0,NULL),(90,'Nguyễn Văn Trường','17021311@vnu.edu.vn',NULL,'$2y$10$92IXUNpkjO0rOQ5byMi.Ye4oKoEa3Ro9llC/.og/at2.uheWG/igi',NULL,NULL,NULL,NULL,NULL,NULL,NULL,'2000-03-10',2,NULL,NULL,NULL,1,17021311,0,NULL),(91,'Nguyễn Xuân Trường','17021328@vnu.edu.vn',NULL,'$2y$10$92IXUNpkjO0rOQ5byMi.Ye4oKoEa3Ro9llC/.og/at2.uheWG/igi',NULL,NULL,NULL,NULL,NULL,NULL,NULL,'2000-06-28',2,NULL,NULL,NULL,9,17021328,0,NULL),(92,'Hoàng Minh Tuấn','17021335@vnu.edu.vn',NULL,'$2y$10$92IXUNpkjO0rOQ5byMi.Ye4oKoEa3Ro9llC/.og/at2.uheWG/igi',NULL,NULL,NULL,NULL,NULL,NULL,NULL,'2000-02-23',2,NULL,NULL,NULL,9,17021335,0,NULL),(93,'Lê Đức Tùng','17021337@vnu.edu.vn',NULL,'$2y$10$92IXUNpkjO0rOQ5byMi.Ye4oKoEa3Ro9llC/.og/at2.uheWG/igi',NULL,NULL,NULL,NULL,NULL,NULL,NULL,'2000-08-31',2,2,NULL,NULL,3,17021337,0,NULL),(94,'Nguyễn Văn An','17021352@vnu.edu.vn',NULL,'$2y$10$92IXUNpkjO0rOQ5byMi.Ye4oKoEa3Ro9llC/.og/at2.uheWG/igi',NULL,NULL,NULL,NULL,NULL,NULL,NULL,'2000-07-02',2,NULL,NULL,NULL,6,17021352,0,NULL),(95,'Hoàng Vũ Duy Anh','18020001@vnu.edu.vn',NULL,'$2y$10$92IXUNpkjO0rOQ5byMi.Ye4oKoEa3Ro9llC/.og/at2.uheWG/igi',NULL,NULL,NULL,NULL,NULL,NULL,NULL,'2000-12-12',2,NULL,NULL,NULL,9,18020001,0,NULL),(96,'Nguyễn Đức Anh','18020003@vnu.edu.vn',NULL,'$2y$10$92IXUNpkjO0rOQ5byMi.Ye4oKoEa3Ro9llC/.og/at2.uheWG/igi',NULL,NULL,NULL,NULL,NULL,NULL,NULL,'2000-09-22',2,NULL,NULL,NULL,4,18020003,0,NULL),(97,'Nguyễn Mạnh Cường','18020009@vnu.edu.vn',NULL,'$2y$10$92IXUNpkjO0rOQ5byMi.Ye4oKoEa3Ro9llC/.og/at2.uheWG/igi',NULL,NULL,NULL,NULL,NULL,NULL,NULL,'2000-07-19',2,NULL,NULL,NULL,5,18020009,0,NULL),(98,'Lê Anh Dũng','18020010@vnu.edu.vn',NULL,'$2y$10$92IXUNpkjO0rOQ5byMi.Ye4oKoEa3Ro9llC/.og/at2.uheWG/igi',NULL,NULL,NULL,NULL,NULL,NULL,NULL,'2000-10-29',2,NULL,NULL,NULL,6,18020010,0,NULL),(99,'Lê Tuấn Dũng','18020020@vnu.edu.vn',NULL,'$2y$10$92IXUNpkjO0rOQ5byMi.Ye4oKoEa3Ro9llC/.og/at2.uheWG/igi',NULL,NULL,NULL,NULL,NULL,NULL,NULL,'2000-08-16',2,2,NULL,NULL,7,18020020,0,NULL),(100,'Nguyễn Quốc Dũng','18020021@vnu.edu.vn',NULL,'$2y$10$92IXUNpkjO0rOQ5byMi.Ye4oKoEa3Ro9llC/.og/at2.uheWG/igi',NULL,NULL,NULL,NULL,NULL,NULL,NULL,'2000-07-10',2,NULL,NULL,NULL,3,18020021,0,NULL),(101,'Nguyễn Hùng Duy','18020022@vnu.edu.vn',NULL,'$2y$10$92IXUNpkjO0rOQ5byMi.Ye4oKoEa3Ro9llC/.og/at2.uheWG/igi',NULL,NULL,NULL,NULL,NULL,NULL,NULL,'2000-05-29',2,NULL,NULL,NULL,0,18020022,0,NULL),(102,'Bạch Trọng Đạo','18020023@vnu.edu.vn',NULL,'$2y$10$92IXUNpkjO0rOQ5byMi.Ye4oKoEa3Ro9llC/.og/at2.uheWG/igi',NULL,NULL,NULL,NULL,NULL,NULL,NULL,'2000-04-04',2,NULL,NULL,NULL,3,18020023,0,NULL),(103,'Đỗ Trung Đức','18020029@vnu.edu.vn',NULL,'$2y$10$92IXUNpkjO0rOQ5byMi.Ye4oKoEa3Ro9llC/.og/at2.uheWG/igi',NULL,NULL,NULL,NULL,NULL,NULL,NULL,'2000-04-03',2,NULL,NULL,NULL,3,18020029,0,NULL),(104,'Phan Việt Đức','18020034@vnu.edu.vn',NULL,'$2y$10$92IXUNpkjO0rOQ5byMi.Ye4oKoEa3Ro9llC/.og/at2.uheWG/igi',NULL,NULL,NULL,NULL,NULL,NULL,NULL,'2000-12-06',2,NULL,NULL,NULL,8,18020034,0,NULL),(105,'Vũ Minh Đức','18020039@vnu.edu.vn',NULL,'$2y$10$92IXUNpkjO0rOQ5byMi.Ye4oKoEa3Ro9llC/.og/at2.uheWG/igi',NULL,NULL,NULL,NULL,NULL,NULL,NULL,'2000-03-28',2,NULL,NULL,'Con thương binh',1,18020039,0,NULL),(106,'Vũ Trọng Đức','18020042@vnu.edu.vn',NULL,'$2y$10$92IXUNpkjO0rOQ5byMi.Ye4oKoEa3Ro9llC/.og/at2.uheWG/igi',NULL,NULL,NULL,NULL,NULL,NULL,NULL,'2000-02-01',2,NULL,NULL,NULL,8,18020042,0,NULL),(107,'Vũ Minh Hiếu','18020044@vnu.edu.vn',NULL,'$2y$10$92IXUNpkjO0rOQ5byMi.Ye4oKoEa3Ro9llC/.og/at2.uheWG/igi',NULL,NULL,NULL,NULL,NULL,NULL,NULL,'2000-05-13',2,2,NULL,NULL,7,18020044,0,NULL),(108,'Hà Văn Hoài','18020046@vnu.edu.vn',NULL,'$2y$10$92IXUNpkjO0rOQ5byMi.Ye4oKoEa3Ro9llC/.og/at2.uheWG/igi',NULL,NULL,NULL,NULL,NULL,NULL,NULL,'2000-12-18',2,NULL,NULL,NULL,7,18020046,0,NULL),(109,'Nguyễn Văn Hùng','18020047@vnu.edu.vn',NULL,'$2y$10$92IXUNpkjO0rOQ5byMi.Ye4oKoEa3Ro9llC/.og/at2.uheWG/igi',NULL,NULL,NULL,NULL,NULL,NULL,NULL,'2000-02-14',2,NULL,NULL,NULL,3,18020047,0,NULL),(110,'Đặng Quang Huy','18020049@vnu.edu.vn',NULL,'$2y$10$92IXUNpkjO0rOQ5byMi.Ye4oKoEa3Ro9llC/.og/at2.uheWG/igi',NULL,NULL,NULL,NULL,NULL,NULL,NULL,'2000-03-08',2,NULL,NULL,NULL,0,18020049,0,NULL),(111,'Bùi Xuân Khải','18020050@vnu.edu.vn',NULL,'$2y$10$92IXUNpkjO0rOQ5byMi.Ye4oKoEa3Ro9llC/.og/at2.uheWG/igi',NULL,NULL,NULL,NULL,NULL,NULL,NULL,'2000-10-30',2,NULL,NULL,NULL,6,18020050,0,NULL),(112,'Đào Trung Kiên','18020057@vnu.edu.vn',NULL,'$2y$10$92IXUNpkjO0rOQ5byMi.Ye4oKoEa3Ro9llC/.og/at2.uheWG/igi',NULL,NULL,NULL,NULL,NULL,NULL,NULL,'2000-08-29',2,NULL,NULL,NULL,0,18020057,0,NULL),(113,'Bùi Quang Long','18020060@vnu.edu.vn',NULL,'$2y$10$92IXUNpkjO0rOQ5byMi.Ye4oKoEa3Ro9llC/.og/at2.uheWG/igi',NULL,NULL,NULL,NULL,NULL,NULL,NULL,'2000-06-18',2,NULL,NULL,NULL,6,18020060,0,NULL),(114,'Ngô Xuân Long','18020070@vnu.edu.vn',NULL,'$2y$10$92IXUNpkjO0rOQ5byMi.Ye4oKoEa3Ro9llC/.og/at2.uheWG/igi',NULL,NULL,NULL,NULL,NULL,NULL,NULL,'2000-10-22',2,1,NULL,NULL,5,18020070,0,NULL),(115,'Phùng Quốc Mạnh','18020105@vnu.edu.vn',NULL,'$2y$10$92IXUNpkjO0rOQ5byMi.Ye4oKoEa3Ro9llC/.og/at2.uheWG/igi',NULL,NULL,NULL,NULL,NULL,NULL,NULL,'2000-11-06',2,NULL,NULL,NULL,8,18020105,0,NULL),(116,'Đào Đức Minh','18020108@vnu.edu.vn',NULL,'$2y$10$92IXUNpkjO0rOQ5byMi.Ye4oKoEa3Ro9llC/.og/at2.uheWG/igi',NULL,NULL,NULL,NULL,NULL,NULL,NULL,'2000-12-05',2,NULL,NULL,NULL,9,18020108,0,NULL),(117,'Trần Khánh Minh','18020112@vnu.edu.vn',NULL,'$2y$10$92IXUNpkjO0rOQ5byMi.Ye4oKoEa3Ro9llC/.og/at2.uheWG/igi',NULL,NULL,NULL,NULL,NULL,NULL,NULL,'2000-12-27',2,NULL,NULL,NULL,9,18020112,0,NULL),(118,'Nguyễn Duy Nam','18020113@vnu.edu.vn',NULL,'$2y$10$92IXUNpkjO0rOQ5byMi.Ye4oKoEa3Ro9llC/.og/at2.uheWG/igi',NULL,NULL,NULL,NULL,NULL,NULL,NULL,'2000-02-09',2,1,NULL,NULL,8,18020113,0,NULL),(119,'Lê Hữu Nghĩa','18020119@vnu.edu.vn',NULL,'$2y$10$92IXUNpkjO0rOQ5byMi.Ye4oKoEa3Ro9llC/.og/at2.uheWG/igi',NULL,NULL,NULL,NULL,NULL,NULL,NULL,'2000-11-03',2,NULL,NULL,NULL,3,18020119,0,NULL),(120,'Vũ Minh Phụng','18020120@vnu.edu.vn',NULL,'$2y$10$92IXUNpkjO0rOQ5byMi.Ye4oKoEa3Ro9llC/.og/at2.uheWG/igi',NULL,NULL,NULL,NULL,NULL,NULL,NULL,'2000-12-20',2,NULL,NULL,NULL,3,18020120,0,NULL),(121,'Nguyễn Minh Sáng','18020138@vnu.edu.vn',NULL,'$2y$10$92IXUNpkjO0rOQ5byMi.Ye4oKoEa3Ro9llC/.og/at2.uheWG/igi',NULL,NULL,NULL,NULL,NULL,NULL,NULL,'2000-08-01',2,NULL,NULL,NULL,8,18020138,0,NULL),(122,'Vương Tuấn Sơn','18020143@vnu.edu.vn',NULL,'$2y$10$92IXUNpkjO0rOQ5byMi.Ye4oKoEa3Ro9llC/.og/at2.uheWG/igi',NULL,NULL,NULL,NULL,NULL,NULL,NULL,'2000-10-29',2,NULL,NULL,NULL,1,18020143,0,NULL),(123,'Phạm Việt Thắng','18020153@vnu.edu.vn',NULL,'$2y$10$92IXUNpkjO0rOQ5byMi.Ye4oKoEa3Ro9llC/.og/at2.uheWG/igi',NULL,NULL,NULL,NULL,NULL,NULL,NULL,'2000-10-20',2,NULL,NULL,NULL,8,18020153,0,NULL),(124,'Tăng Đức Thịnh','18020169@vnu.edu.vn',NULL,'$2y$10$92IXUNpkjO0rOQ5byMi.Ye4oKoEa3Ro9llC/.og/at2.uheWG/igi',NULL,NULL,NULL,NULL,NULL,NULL,NULL,'2000-12-16',2,NULL,NULL,NULL,4,18020169,0,NULL),(125,'Lê Hữu Trí','18020170@vnu.edu.vn',NULL,'$2y$10$92IXUNpkjO0rOQ5byMi.Ye4oKoEa3Ro9llC/.og/at2.uheWG/igi',NULL,NULL,NULL,NULL,NULL,NULL,NULL,'2000-02-13',2,1,NULL,NULL,1,18020170,0,NULL),(126,'Trịnh Xuân Trình','18020172@vnu.edu.vn',NULL,'$2y$10$92IXUNpkjO0rOQ5byMi.Ye4oKoEa3Ro9llC/.og/at2.uheWG/igi',NULL,NULL,NULL,NULL,NULL,NULL,NULL,'2000-04-30',2,NULL,NULL,NULL,6,18020172,0,NULL),(127,'Nguyễn Ngọc Trung','18020187@vnu.edu.vn',NULL,'$2y$10$92IXUNpkjO0rOQ5byMi.Ye4oKoEa3Ro9llC/.og/at2.uheWG/igi',NULL,NULL,NULL,NULL,NULL,NULL,NULL,'2000-09-23',2,NULL,NULL,NULL,0,18020187,0,NULL),(128,'Nguyễn Huy Trường','18020193@vnu.edu.vn',NULL,'$2y$10$92IXUNpkjO0rOQ5byMi.Ye4oKoEa3Ro9llC/.og/at2.uheWG/igi',NULL,NULL,NULL,NULL,NULL,NULL,NULL,'2000-11-09',2,1,NULL,NULL,9,18020193,0,NULL),(129,'Lường Việt Anh','18020195@vnu.edu.vn',NULL,'$2y$10$92IXUNpkjO0rOQ5byMi.Ye4oKoEa3Ro9llC/.og/at2.uheWG/igi',NULL,NULL,NULL,NULL,NULL,NULL,NULL,'2000-10-14',2,NULL,NULL,NULL,7,18020195,0,NULL),(130,'Lê Mạnh Cường','18020201@vnu.edu.vn',NULL,'$2y$10$92IXUNpkjO0rOQ5byMi.Ye4oKoEa3Ro9llC/.og/at2.uheWG/igi',NULL,NULL,NULL,NULL,NULL,NULL,NULL,'2000-05-17',2,NULL,NULL,NULL,5,18020201,0,NULL),(131,'Nguyễn Phú Đức','18020214@vnu.edu.vn',NULL,'$2y$10$92IXUNpkjO0rOQ5byMi.Ye4oKoEa3Ro9llC/.og/at2.uheWG/igi',NULL,NULL,NULL,NULL,NULL,NULL,NULL,'2000-08-01',2,NULL,NULL,NULL,1,18020214,0,NULL),(132,'Nguyễn Văn Đức','18020220@vnu.edu.vn',NULL,'$2y$10$92IXUNpkjO0rOQ5byMi.Ye4oKoEa3Ro9llC/.og/at2.uheWG/igi',NULL,NULL,NULL,NULL,NULL,NULL,NULL,'2000-02-05',2,NULL,NULL,'Con thương binh',7,18020220,0,NULL),(133,'Bùi Đức Hiếu','18020233@vnu.edu.vn',NULL,'$2y$10$92IXUNpkjO0rOQ5byMi.Ye4oKoEa3Ro9llC/.og/at2.uheWG/igi',NULL,NULL,NULL,NULL,NULL,NULL,NULL,'2000-10-28',2,NULL,NULL,NULL,1,18020233,0,NULL),(134,'Đinh Lê Hoàng','18020244@vnu.edu.vn',NULL,'$2y$10$92IXUNpkjO0rOQ5byMi.Ye4oKoEa3Ro9llC/.og/at2.uheWG/igi',NULL,NULL,NULL,NULL,NULL,NULL,NULL,'2000-10-14',2,NULL,NULL,NULL,1,18020244,0,NULL),(135,'Lê Đức Huy','18020251@vnu.edu.vn',NULL,'$2y$10$92IXUNpkjO0rOQ5byMi.Ye4oKoEa3Ro9llC/.og/at2.uheWG/igi',NULL,NULL,NULL,NULL,NULL,NULL,NULL,'2000-05-22',2,3,NULL,NULL,5,18020251,0,NULL),(136,'Ngô Đức Huy','18020252@vnu.edu.vn',NULL,'$2y$10$92IXUNpkjO0rOQ5byMi.Ye4oKoEa3Ro9llC/.og/at2.uheWG/igi',NULL,NULL,NULL,NULL,NULL,NULL,NULL,'2000-05-13',2,NULL,NULL,NULL,6,18020252,0,NULL),(137,'Chu Văn Hưng','18020257@vnu.edu.vn',NULL,'$2y$10$92IXUNpkjO0rOQ5byMi.Ye4oKoEa3Ro9llC/.og/at2.uheWG/igi',NULL,NULL,NULL,NULL,NULL,NULL,NULL,'2000-10-27',2,NULL,NULL,NULL,0,18020257,0,NULL),(138,'Nguyễn Đức Khôi','18020259@vnu.edu.vn',NULL,'$2y$10$92IXUNpkjO0rOQ5byMi.Ye4oKoEa3Ro9llC/.og/at2.uheWG/igi',NULL,NULL,NULL,NULL,NULL,NULL,NULL,'2000-01-26',2,NULL,NULL,NULL,9,18020259,0,NULL),(139,'Phạm Mai Linh','18020263@vnu.edu.vn',NULL,'$2y$10$92IXUNpkjO0rOQ5byMi.Ye4oKoEa3Ro9llC/.og/at2.uheWG/igi',NULL,NULL,NULL,NULL,NULL,NULL,NULL,'2000-05-13',2,3,NULL,NULL,4,18020263,0,NULL),(140,'Nguyễn Thành Nam','18020274@vnu.edu.vn',NULL,'$2y$10$92IXUNpkjO0rOQ5byMi.Ye4oKoEa3Ro9llC/.og/at2.uheWG/igi',NULL,NULL,NULL,NULL,NULL,NULL,NULL,'2000-12-25',2,NULL,NULL,NULL,0,18020274,0,NULL),(141,'Vũ Minh Ngọc','18020294@vnu.edu.vn',NULL,'$2y$10$92IXUNpkjO0rOQ5byMi.Ye4oKoEa3Ro9llC/.og/at2.uheWG/igi',NULL,NULL,NULL,NULL,NULL,NULL,NULL,'2000-10-16',2,NULL,NULL,NULL,4,18020294,0,NULL),(142,'Nguyễn Kiến Quốc','18020326@vnu.edu.vn',NULL,'$2y$10$92IXUNpkjO0rOQ5byMi.Ye4oKoEa3Ro9llC/.og/at2.uheWG/igi',NULL,NULL,NULL,NULL,NULL,NULL,NULL,'2000-11-22',2,NULL,NULL,NULL,0,18020326,0,NULL),(143,'Tạ Đình Quý','18020329@vnu.edu.vn',NULL,'$2y$10$92IXUNpkjO0rOQ5byMi.Ye4oKoEa3Ro9llC/.og/at2.uheWG/igi',NULL,NULL,NULL,NULL,NULL,NULL,NULL,'2000-03-15',2,NULL,NULL,NULL,9,18020329,0,NULL),(144,'Đoàn Văn Thành','18020331@vnu.edu.vn',NULL,'$2y$10$92IXUNpkjO0rOQ5byMi.Ye4oKoEa3Ro9llC/.og/at2.uheWG/igi',NULL,NULL,NULL,NULL,NULL,NULL,NULL,'2000-05-31',2,1,NULL,NULL,5,18020331,0,NULL),(145,'Nguyễn Thị Hồng Thắm','18020335@vnu.edu.vn',NULL,'$2y$10$92IXUNpkjO0rOQ5byMi.Ye4oKoEa3Ro9llC/.og/at2.uheWG/igi',NULL,NULL,NULL,NULL,NULL,NULL,NULL,'2000-12-24',2,NULL,NULL,NULL,0,18020335,0,NULL),(146,'Hồ Văn Thép','18020340@vnu.edu.vn',NULL,'$2y$10$92IXUNpkjO0rOQ5byMi.Ye4oKoEa3Ro9llC/.og/at2.uheWG/igi',NULL,NULL,NULL,NULL,NULL,NULL,NULL,'2000-05-19',2,NULL,NULL,NULL,0,18020340,0,NULL),(147,'Đỗ Công Tráng','18020342@vnu.edu.vn',NULL,'$2y$10$92IXUNpkjO0rOQ5byMi.Ye4oKoEa3Ro9llC/.og/at2.uheWG/igi',NULL,NULL,NULL,NULL,NULL,NULL,NULL,'2000-08-06',2,NULL,NULL,NULL,4,18020342,0,NULL),(148,'Hoàng Minh Đức Anh','18020345@vnu.edu.vn',NULL,'$2y$10$92IXUNpkjO0rOQ5byMi.Ye4oKoEa3Ro9llC/.og/at2.uheWG/igi',NULL,NULL,NULL,NULL,NULL,NULL,NULL,'2000-10-10',2,NULL,NULL,NULL,0,18020345,0,NULL),(149,'Phạm Mạnh Dũng','18020347@vnu.edu.vn',NULL,'$2y$10$92IXUNpkjO0rOQ5byMi.Ye4oKoEa3Ro9llC/.og/at2.uheWG/igi',NULL,NULL,NULL,NULL,NULL,NULL,NULL,'2000-02-22',2,NULL,NULL,NULL,5,18020347,0,NULL),(150,'Lê Quang Duy','18020351@vnu.edu.vn',NULL,'$2y$10$92IXUNpkjO0rOQ5byMi.Ye4oKoEa3Ro9llC/.og/at2.uheWG/igi',NULL,NULL,NULL,NULL,NULL,NULL,NULL,'2000-12-30',2,2,NULL,NULL,1,18020351,0,NULL),(151,'Bùi Xuân Dương','18020359@vnu.edu.vn',NULL,'$2y$10$92IXUNpkjO0rOQ5byMi.Ye4oKoEa3Ro9llC/.og/at2.uheWG/igi',NULL,NULL,NULL,NULL,NULL,NULL,NULL,'2000-09-08',2,NULL,NULL,NULL,6,18020359,0,NULL),(152,'Lương Thế Đại','18020361@vnu.edu.vn',NULL,'$2y$10$92IXUNpkjO0rOQ5byMi.Ye4oKoEa3Ro9llC/.og/at2.uheWG/igi',NULL,NULL,NULL,NULL,NULL,NULL,NULL,'2000-11-06',2,NULL,NULL,NULL,1,18020361,0,NULL),(153,'Nguyễn Tất Đạt','18020369@vnu.edu.vn',NULL,'$2y$10$92IXUNpkjO0rOQ5byMi.Ye4oKoEa3Ro9llC/.og/at2.uheWG/igi',NULL,NULL,NULL,NULL,NULL,NULL,NULL,'2000-01-02',2,NULL,NULL,NULL,6,18020369,0,NULL),(154,'Phạm Khắc Đạt','18020380@vnu.edu.vn',NULL,'$2y$10$92IXUNpkjO0rOQ5byMi.Ye4oKoEa3Ro9llC/.og/at2.uheWG/igi',NULL,NULL,NULL,NULL,NULL,NULL,NULL,'2000-05-19',2,NULL,NULL,NULL,1,18020380,0,NULL),(155,'Bùi Đăng Đức','18020399@vnu.edu.vn',NULL,'$2y$10$92IXUNpkjO0rOQ5byMi.Ye4oKoEa3Ro9llC/.og/at2.uheWG/igi',NULL,NULL,NULL,NULL,NULL,NULL,NULL,'2000-07-30',2,NULL,NULL,NULL,9,18020399,0,NULL),(156,'Phạm Ngọc Việt Đức','18020400@vnu.edu.vn',NULL,'$2y$10$92IXUNpkjO0rOQ5byMi.Ye4oKoEa3Ro9llC/.og/at2.uheWG/igi',NULL,NULL,NULL,NULL,NULL,NULL,NULL,'2000-08-26',2,NULL,NULL,NULL,9,18020400,0,NULL),(157,'Nguyễn Minh Hiếu','18020413@vnu.edu.vn',NULL,'$2y$10$92IXUNpkjO0rOQ5byMi.Ye4oKoEa3Ro9llC/.og/at2.uheWG/igi',NULL,NULL,NULL,NULL,NULL,NULL,NULL,'2000-03-24',2,NULL,NULL,NULL,6,18020413,0,NULL),(158,'Đặng Văn Huấn','18020419@vnu.edu.vn',NULL,'$2y$10$92IXUNpkjO0rOQ5byMi.Ye4oKoEa3Ro9llC/.og/at2.uheWG/igi',NULL,NULL,NULL,NULL,NULL,NULL,NULL,'2000-04-26',2,2,NULL,NULL,9,18020419,0,NULL),(159,'Trương Tuấn Hùng','18020445@vnu.edu.vn',NULL,'$2y$10$92IXUNpkjO0rOQ5byMi.Ye4oKoEa3Ro9llC/.og/at2.uheWG/igi',NULL,NULL,NULL,NULL,NULL,NULL,NULL,'2000-07-01',2,NULL,NULL,NULL,7,18020445,0,NULL),(160,'Đoàn Văn Huy','18020450@vnu.edu.vn',NULL,'$2y$10$92IXUNpkjO0rOQ5byMi.Ye4oKoEa3Ro9llC/.og/at2.uheWG/igi',NULL,NULL,NULL,NULL,NULL,NULL,NULL,'2000-07-09',2,NULL,NULL,NULL,5,18020450,0,NULL),(161,'Phùng Tiến Hưng','18020482@vnu.edu.vn',NULL,'$2y$10$92IXUNpkjO0rOQ5byMi.Ye4oKoEa3Ro9llC/.og/at2.uheWG/igi',NULL,NULL,NULL,NULL,NULL,NULL,NULL,'2000-04-23',2,NULL,NULL,NULL,7,18020482,0,NULL),(162,'Nguyễn Xuân Lộc','18020491@vnu.edu.vn',NULL,'$2y$10$92IXUNpkjO0rOQ5byMi.Ye4oKoEa3Ro9llC/.og/at2.uheWG/igi',NULL,NULL,NULL,NULL,NULL,NULL,NULL,'2000-02-11',2,NULL,NULL,NULL,5,18020491,0,NULL),(163,'Bùi Linh Tâm','18020502@vnu.edu.vn',NULL,'$2y$10$92IXUNpkjO0rOQ5byMi.Ye4oKoEa3Ro9llC/.og/at2.uheWG/igi',NULL,NULL,NULL,NULL,NULL,NULL,NULL,'2000-11-07',2,3,NULL,NULL,5,18020502,0,NULL),(164,'Lại Ngọc Tân','18020513@vnu.edu.vn',NULL,'$2y$10$92IXUNpkjO0rOQ5byMi.Ye4oKoEa3Ro9llC/.og/at2.uheWG/igi',NULL,NULL,NULL,NULL,NULL,NULL,NULL,'2000-09-05',2,NULL,NULL,NULL,0,18020513,0,NULL),(165,'Nguyễn Chí Thành','18020527@vnu.edu.vn',NULL,'$2y$10$92IXUNpkjO0rOQ5byMi.Ye4oKoEa3Ro9llC/.og/at2.uheWG/igi',NULL,NULL,NULL,NULL,NULL,NULL,NULL,'2000-10-07',2,NULL,NULL,'Con thương binh',8,18020527,0,NULL),(166,'Nguyễn Đức Thắng','18020529@vnu.edu.vn',NULL,'$2y$10$92IXUNpkjO0rOQ5byMi.Ye4oKoEa3Ro9llC/.og/at2.uheWG/igi',NULL,NULL,NULL,NULL,NULL,NULL,NULL,'2000-03-25',2,NULL,NULL,NULL,7,18020529,0,NULL),(167,'Nguyễn Hữu Thìn','18020565@vnu.edu.vn',NULL,'$2y$10$92IXUNpkjO0rOQ5byMi.Ye4oKoEa3Ro9llC/.og/at2.uheWG/igi',NULL,NULL,NULL,NULL,NULL,NULL,NULL,'2000-02-05',2,2,NULL,NULL,0,18020565,0,NULL),(168,'Đinh Thành Trung','18020566@vnu.edu.vn',NULL,'$2y$10$92IXUNpkjO0rOQ5byMi.Ye4oKoEa3Ro9llC/.og/at2.uheWG/igi',NULL,NULL,NULL,NULL,NULL,NULL,NULL,'2000-01-10',2,NULL,NULL,NULL,5,18020566,0,NULL),(169,'Nguyễn Hoàng Tú','18020573@vnu.edu.vn',NULL,'$2y$10$92IXUNpkjO0rOQ5byMi.Ye4oKoEa3Ro9llC/.og/at2.uheWG/igi',NULL,NULL,NULL,NULL,NULL,NULL,NULL,'2000-11-21',2,NULL,NULL,NULL,7,18020573,0,NULL),(170,'Nguyễn Anh Tuấn','18020576@vnu.edu.vn',NULL,'$2y$10$92IXUNpkjO0rOQ5byMi.Ye4oKoEa3Ro9llC/.og/at2.uheWG/igi',NULL,NULL,NULL,NULL,NULL,NULL,NULL,'2000-10-15',2,NULL,NULL,NULL,3,18020576,0,NULL),(171,'Nguyễn Tấn Việt Anh','18020579@vnu.edu.vn',NULL,'$2y$10$92IXUNpkjO0rOQ5byMi.Ye4oKoEa3Ro9llC/.og/at2.uheWG/igi',NULL,NULL,NULL,NULL,NULL,NULL,NULL,'2000-01-03',2,NULL,NULL,NULL,8,18020579,0,NULL),(172,'Phan Bắc','18020581@vnu.edu.vn',NULL,'$2y$10$92IXUNpkjO0rOQ5byMi.Ye4oKoEa3Ro9llC/.og/at2.uheWG/igi',NULL,NULL,NULL,NULL,NULL,NULL,NULL,'2000-04-30',2,3,NULL,NULL,9,18020581,0,NULL),(173,'Nguyễn An Bằng','18020585@vnu.edu.vn',NULL,'$2y$10$92IXUNpkjO0rOQ5byMi.Ye4oKoEa3Ro9llC/.og/at2.uheWG/igi',NULL,NULL,NULL,NULL,NULL,NULL,NULL,'2000-10-11',2,NULL,NULL,NULL,3,18020585,0,NULL),(174,'Nguyễn Việt Hoàng','18020586@vnu.edu.vn',NULL,'$2y$10$92IXUNpkjO0rOQ5byMi.Ye4oKoEa3Ro9llC/.og/at2.uheWG/igi',NULL,NULL,NULL,NULL,NULL,NULL,NULL,'2000-12-01',2,NULL,NULL,NULL,3,18020586,0,NULL),(175,'Trịnh Tuấn Hùng','18020590@vnu.edu.vn',NULL,'$2y$10$92IXUNpkjO0rOQ5byMi.Ye4oKoEa3Ro9llC/.og/at2.uheWG/igi',NULL,NULL,NULL,NULL,NULL,NULL,NULL,'1999-10-05',2,NULL,NULL,NULL,2,18020590,0,NULL),(176,'Dương Quốc Hưng','18020607@vnu.edu.vn',NULL,'$2y$10$92IXUNpkjO0rOQ5byMi.Ye4oKoEa3Ro9llC/.og/at2.uheWG/igi',NULL,NULL,NULL,NULL,NULL,NULL,NULL,'2000-11-30',2,NULL,NULL,NULL,6,18020607,0,NULL),(177,'Đỗ Xuân Lâm','18020611@vnu.edu.vn',NULL,'$2y$10$92IXUNpkjO0rOQ5byMi.Ye4oKoEa3Ro9llC/.og/at2.uheWG/igi',NULL,NULL,NULL,NULL,NULL,NULL,NULL,'2000-02-09',2,2,NULL,NULL,8,18020611,0,NULL),(178,'Nguyễn Xuân Lâm','18020629@vnu.edu.vn',NULL,'$2y$10$92IXUNpkjO0rOQ5byMi.Ye4oKoEa3Ro9llC/.og/at2.uheWG/igi',NULL,NULL,NULL,NULL,NULL,NULL,NULL,'2000-10-22',2,NULL,NULL,NULL,5,18020629,0,NULL),(179,'Đỗ Văn Nam','18020635@vnu.edu.vn',NULL,'$2y$10$92IXUNpkjO0rOQ5byMi.Ye4oKoEa3Ro9llC/.og/at2.uheWG/igi',NULL,NULL,NULL,NULL,NULL,NULL,NULL,'2000-05-03',2,NULL,NULL,NULL,7,18020635,0,NULL),(180,'Phạm Tuấn Nghĩa','18020641@vnu.edu.vn',NULL,'$2y$10$92IXUNpkjO0rOQ5byMi.Ye4oKoEa3Ro9llC/.og/at2.uheWG/igi',NULL,NULL,NULL,NULL,NULL,NULL,NULL,'2000-11-22',2,NULL,NULL,NULL,2,18020641,0,NULL),(181,'Thái Duy Tài','18020645@vnu.edu.vn',NULL,'$2y$10$92IXUNpkjO0rOQ5byMi.Ye4oKoEa3Ro9llC/.og/at2.uheWG/igi',NULL,NULL,NULL,NULL,NULL,NULL,NULL,'2000-01-16',2,NULL,NULL,NULL,5,18020645,0,NULL),(182,'Nguyễn Minh Tân','18020666@vnu.edu.vn',NULL,'$2y$10$92IXUNpkjO0rOQ5byMi.Ye4oKoEa3Ro9llC/.og/at2.uheWG/igi',NULL,NULL,NULL,NULL,NULL,NULL,NULL,'2000-02-08',2,NULL,NULL,NULL,3,18020666,0,NULL),(183,'Bùi Quang Thành','18020669@vnu.edu.vn',NULL,'$2y$10$92IXUNpkjO0rOQ5byMi.Ye4oKoEa3Ro9llC/.og/at2.uheWG/igi',NULL,NULL,NULL,NULL,NULL,NULL,NULL,'2000-12-09',2,NULL,NULL,NULL,8,18020669,0,NULL),(184,'Mai Tiến Thành','18020710@vnu.edu.vn',NULL,'$2y$10$92IXUNpkjO0rOQ5byMi.Ye4oKoEa3Ro9llC/.og/at2.uheWG/igi',NULL,NULL,NULL,NULL,NULL,NULL,NULL,'2000-12-26',2,NULL,NULL,NULL,8,18020710,0,NULL),(185,'Nguyễn Đức Tới','18020721@vnu.edu.vn',NULL,'$2y$10$92IXUNpkjO0rOQ5byMi.Ye4oKoEa3Ro9llC/.og/at2.uheWG/igi',NULL,NULL,NULL,NULL,NULL,NULL,NULL,'2000-09-08',2,NULL,NULL,NULL,7,18020721,0,NULL),(186,'Nguyễn Anh Tú','18020723@vnu.edu.vn',NULL,'$2y$10$92IXUNpkjO0rOQ5byMi.Ye4oKoEa3Ro9llC/.og/at2.uheWG/igi',NULL,NULL,NULL,NULL,NULL,NULL,NULL,'2000-07-29',2,NULL,NULL,NULL,1,18020723,0,NULL),(187,'Bùi Quang Tùng','18020732@vnu.edu.vn',NULL,'$2y$10$92IXUNpkjO0rOQ5byMi.Ye4oKoEa3Ro9llC/.og/at2.uheWG/igi',NULL,NULL,NULL,NULL,NULL,NULL,NULL,'2000-09-26',2,NULL,NULL,NULL,0,18020732,0,NULL),(188,'Đỗ Thành Vinh','18020737@vnu.edu.vn',NULL,'$2y$10$92IXUNpkjO0rOQ5byMi.Ye4oKoEa3Ro9llC/.og/at2.uheWG/igi',NULL,NULL,NULL,NULL,NULL,NULL,NULL,'2000-12-09',2,NULL,NULL,NULL,1,18020737,0,NULL),(189,'Ngô Văn An','18020742@vnu.edu.vn',NULL,'$2y$10$92IXUNpkjO0rOQ5byMi.Ye4oKoEa3Ro9llC/.og/at2.uheWG/igi',NULL,NULL,NULL,NULL,NULL,NULL,NULL,'2000-12-18',2,NULL,NULL,NULL,7,18020742,0,NULL),(190,'Nguyễn Văn An','18020749@vnu.edu.vn',NULL,'$2y$10$92IXUNpkjO0rOQ5byMi.Ye4oKoEa3Ro9llC/.og/at2.uheWG/igi',NULL,NULL,NULL,NULL,NULL,NULL,NULL,'2000-07-02',2,NULL,NULL,NULL,5,18020749,0,NULL),(191,'Đỗ Tuấn Anh','18020763@vnu.edu.vn',NULL,'$2y$10$92IXUNpkjO0rOQ5byMi.Ye4oKoEa3Ro9llC/.og/at2.uheWG/igi',NULL,NULL,NULL,NULL,NULL,NULL,NULL,'2000-11-06',2,NULL,NULL,NULL,1,18020763,0,NULL),(192,'Hoàng Vũ Duy Anh','18020772@vnu.edu.vn',NULL,'$2y$10$92IXUNpkjO0rOQ5byMi.Ye4oKoEa3Ro9llC/.og/at2.uheWG/igi',NULL,NULL,NULL,NULL,NULL,NULL,NULL,'2000-12-12',2,NULL,NULL,NULL,2,18020772,0,NULL),(193,'Lường Việt Anh','18020784@vnu.edu.vn',NULL,'$2y$10$92IXUNpkjO0rOQ5byMi.Ye4oKoEa3Ro9llC/.og/at2.uheWG/igi',NULL,NULL,NULL,NULL,NULL,NULL,NULL,'2000-10-14',2,NULL,NULL,NULL,8,18020784,0,NULL),(194,'Nguyễn Đức Anh','18020792@vnu.edu.vn',NULL,'$2y$10$92IXUNpkjO0rOQ5byMi.Ye4oKoEa3Ro9llC/.og/at2.uheWG/igi',NULL,NULL,NULL,NULL,NULL,NULL,NULL,'2000-09-22',2,NULL,NULL,NULL,1,18020792,0,NULL),(195,'Nguyễn Hoàng Anh','18020795@vnu.edu.vn',NULL,'$2y$10$92IXUNpkjO0rOQ5byMi.Ye4oKoEa3Ro9llC/.og/at2.uheWG/igi',NULL,NULL,NULL,NULL,NULL,NULL,NULL,'2000-01-30',2,NULL,NULL,NULL,6,18020795,0,NULL),(196,'Phạm Đức Anh','18020832@vnu.edu.vn',NULL,'$2y$10$92IXUNpkjO0rOQ5byMi.Ye4oKoEa3Ro9llC/.og/at2.uheWG/igi',NULL,NULL,NULL,NULL,NULL,NULL,NULL,'2000-10-08',2,NULL,NULL,NULL,9,18020832,0,NULL),(197,'Võ Việt Anh','18020836@vnu.edu.vn',NULL,'$2y$10$92IXUNpkjO0rOQ5byMi.Ye4oKoEa3Ro9llC/.og/at2.uheWG/igi',NULL,NULL,NULL,NULL,NULL,NULL,NULL,'2000-12-05',2,NULL,NULL,NULL,2,18020836,0,NULL),(198,'Lưu Xuân Bách','18020878@vnu.edu.vn',NULL,'$2y$10$92IXUNpkjO0rOQ5byMi.Ye4oKoEa3Ro9llC/.og/at2.uheWG/igi',NULL,NULL,NULL,NULL,NULL,NULL,NULL,'2000-05-21',2,NULL,NULL,'Con thương binh',4,18020878,0,NULL),(199,'Nguyễn Thị Thanh Bảo','18020888@vnu.edu.vn',NULL,'$2y$10$92IXUNpkjO0rOQ5byMi.Ye4oKoEa3Ro9llC/.og/at2.uheWG/igi',NULL,NULL,NULL,NULL,NULL,NULL,NULL,'2000-07-11',2,NULL,NULL,NULL,7,18020888,0,NULL),(200,'Nguyễn An Bằng','18020896@vnu.edu.vn',NULL,'$2y$10$92IXUNpkjO0rOQ5byMi.Ye4oKoEa3Ro9llC/.og/at2.uheWG/igi',NULL,NULL,NULL,NULL,NULL,NULL,NULL,'2000-10-11',2,NULL,NULL,NULL,5,18020896,0,NULL),(201,'Nguyễn Ninh Chi','18020908@vnu.edu.vn',NULL,'$2y$10$92IXUNpkjO0rOQ5byMi.Ye4oKoEa3Ro9llC/.og/at2.uheWG/igi',NULL,NULL,NULL,NULL,NULL,NULL,NULL,'2000-06-20',2,NULL,NULL,NULL,6,18020908,0,NULL),(202,'Bùi Cao Chinh','18020910@vnu.edu.vn',NULL,'$2y$10$92IXUNpkjO0rOQ5byMi.Ye4oKoEa3Ro9llC/.og/at2.uheWG/igi',NULL,NULL,NULL,NULL,NULL,NULL,NULL,'2000-11-08',2,NULL,NULL,NULL,8,18020910,0,NULL),(203,'Trần Văn Công','18020923@vnu.edu.vn',NULL,'$2y$10$92IXUNpkjO0rOQ5byMi.Ye4oKoEa3Ro9llC/.og/at2.uheWG/igi',NULL,NULL,NULL,NULL,NULL,NULL,NULL,'2000-11-22',2,NULL,NULL,NULL,6,18020923,0,NULL),(204,'Lê Mạnh Cường','18020925@vnu.edu.vn',NULL,'$2y$10$92IXUNpkjO0rOQ5byMi.Ye4oKoEa3Ro9llC/.og/at2.uheWG/igi',NULL,NULL,NULL,NULL,NULL,NULL,NULL,'2000-11-30',2,NULL,NULL,NULL,0,18020925,0,NULL),(205,'Nguyễn Hữu An','18020930@vnu.edu.vn',NULL,'$2y$10$92IXUNpkjO0rOQ5byMi.Ye4oKoEa3Ro9llC/.og/at2.uheWG/igi',NULL,NULL,NULL,NULL,NULL,NULL,NULL,'2001-02-15',2,NULL,NULL,NULL,6,18020930,0,NULL),(206,'Cao Đức Anh','18020943@vnu.edu.vn',NULL,'$2y$10$92IXUNpkjO0rOQ5byMi.Ye4oKoEa3Ro9llC/.og/at2.uheWG/igi',NULL,NULL,NULL,NULL,NULL,NULL,NULL,'2001-04-19',2,NULL,NULL,NULL,3,18020943,0,NULL),(207,'Hoàng Công Anh','18020945@vnu.edu.vn',NULL,'$2y$10$92IXUNpkjO0rOQ5byMi.Ye4oKoEa3Ro9llC/.og/at2.uheWG/igi',NULL,NULL,NULL,NULL,NULL,NULL,NULL,'2001-10-06',2,NULL,NULL,NULL,1,18020945,0,NULL),(208,'Nguyễn Đình Tuấn Anh','18020958@vnu.edu.vn',NULL,'$2y$10$92IXUNpkjO0rOQ5byMi.Ye4oKoEa3Ro9llC/.og/at2.uheWG/igi',NULL,NULL,NULL,NULL,NULL,NULL,NULL,'2001-02-26',2,NULL,NULL,NULL,0,18020958,0,NULL),(209,'Lê Trần Lâm Bình','18020963@vnu.edu.vn',NULL,'$2y$10$92IXUNpkjO0rOQ5byMi.Ye4oKoEa3Ro9llC/.og/at2.uheWG/igi',NULL,NULL,NULL,NULL,NULL,NULL,NULL,'2001-01-27',2,NULL,NULL,NULL,1,18020963,0,NULL),(210,'Nguyễn Văn Chiến','18020966@vnu.edu.vn',NULL,'$2y$10$92IXUNpkjO0rOQ5byMi.Ye4oKoEa3Ro9llC/.og/at2.uheWG/igi',NULL,NULL,NULL,NULL,NULL,NULL,NULL,'2001-07-14',2,NULL,NULL,NULL,4,18020966,0,NULL),(211,'Đoàn Duy Cường','18020967@vnu.edu.vn',NULL,'$2y$10$92IXUNpkjO0rOQ5byMi.Ye4oKoEa3Ro9llC/.og/at2.uheWG/igi',NULL,NULL,NULL,NULL,NULL,NULL,NULL,'2001-02-06',2,NULL,NULL,NULL,5,18020967,0,NULL),(212,'Phạm Anh Cường','18020975@vnu.edu.vn',NULL,'$2y$10$92IXUNpkjO0rOQ5byMi.Ye4oKoEa3Ro9llC/.og/at2.uheWG/igi',NULL,NULL,NULL,NULL,NULL,NULL,NULL,'2001-11-25',2,NULL,NULL,'Con thương binh',0,18020975,0,NULL),(213,'Đinh Tùng Duy','18020982@vnu.edu.vn',NULL,'$2y$10$92IXUNpkjO0rOQ5byMi.Ye4oKoEa3Ro9llC/.og/at2.uheWG/igi',NULL,NULL,NULL,NULL,NULL,NULL,NULL,'2001-07-23',2,NULL,NULL,NULL,8,18020982,0,NULL),(214,'Nguyễn Anh Đức','18020983@vnu.edu.vn',NULL,'$2y$10$92IXUNpkjO0rOQ5byMi.Ye4oKoEa3Ro9llC/.og/at2.uheWG/igi',NULL,NULL,NULL,NULL,NULL,NULL,NULL,'2001-12-08',2,NULL,NULL,NULL,6,18020983,0,NULL),(215,'Nguyễn Kim Đức','18020991@vnu.edu.vn',NULL,'$2y$10$92IXUNpkjO0rOQ5byMi.Ye4oKoEa3Ro9llC/.og/at2.uheWG/igi',NULL,NULL,NULL,NULL,NULL,NULL,NULL,'2001-05-06',2,NULL,NULL,NULL,6,18020991,0,NULL),(216,'Vũ Đức Giang','18020992@vnu.edu.vn',NULL,'$2y$10$92IXUNpkjO0rOQ5byMi.Ye4oKoEa3Ro9llC/.og/at2.uheWG/igi',NULL,NULL,NULL,NULL,NULL,NULL,NULL,'2001-08-18',2,NULL,NULL,NULL,8,18020992,0,NULL),(217,'Trần Xuân Hải','18021009@vnu.edu.vn',NULL,'$2y$10$92IXUNpkjO0rOQ5byMi.Ye4oKoEa3Ro9llC/.og/at2.uheWG/igi',NULL,NULL,NULL,NULL,NULL,NULL,NULL,'2001-11-04',2,NULL,NULL,NULL,6,18021009,0,NULL),(218,'Lăng Văn Quang Hiếu','18021015@vnu.edu.vn',NULL,'$2y$10$92IXUNpkjO0rOQ5byMi.Ye4oKoEa3Ro9llC/.og/at2.uheWG/igi',NULL,NULL,NULL,NULL,NULL,NULL,NULL,'2000-11-02',2,NULL,NULL,NULL,0,18021015,0,NULL),(219,'Phan Văn Hợp','18021017@vnu.edu.vn',NULL,'$2y$10$92IXUNpkjO0rOQ5byMi.Ye4oKoEa3Ro9llC/.og/at2.uheWG/igi',NULL,NULL,NULL,NULL,NULL,NULL,NULL,'2001-02-24',2,NULL,NULL,NULL,4,18021017,0,NULL),(220,'Cao Phạm Quang Hùng','18021025@vnu.edu.vn',NULL,'$2y$10$92IXUNpkjO0rOQ5byMi.Ye4oKoEa3Ro9llC/.og/at2.uheWG/igi',NULL,NULL,NULL,NULL,NULL,NULL,NULL,'1997-04-30',2,NULL,NULL,NULL,5,18021025,0,NULL),(221,'Trần Nhật Huy','18021033@vnu.edu.vn',NULL,'$2y$10$92IXUNpkjO0rOQ5byMi.Ye4oKoEa3Ro9llC/.og/at2.uheWG/igi',NULL,NULL,NULL,NULL,NULL,NULL,NULL,'2001-05-30',2,NULL,NULL,NULL,3,18021033,0,NULL),(222,'Hoàng Khắc Lâm','18021044@vnu.edu.vn',NULL,'$2y$10$92IXUNpkjO0rOQ5byMi.Ye4oKoEa3Ro9llC/.og/at2.uheWG/igi',NULL,NULL,NULL,NULL,NULL,NULL,NULL,'2001-04-01',2,NULL,NULL,NULL,6,18021044,0,NULL),(223,'Lê Mạnh Linh','18021058@vnu.edu.vn',NULL,'$2y$10$92IXUNpkjO0rOQ5byMi.Ye4oKoEa3Ro9llC/.og/at2.uheWG/igi',NULL,NULL,NULL,NULL,NULL,NULL,NULL,'2001-08-08',2,NULL,NULL,NULL,5,18021058,0,NULL),(224,'Nguyễn Đăng Mạnh','18021074@vnu.edu.vn',NULL,'$2y$10$92IXUNpkjO0rOQ5byMi.Ye4oKoEa3Ro9llC/.og/at2.uheWG/igi',NULL,NULL,NULL,NULL,NULL,NULL,NULL,'2001-08-21',2,NULL,NULL,NULL,2,18021074,0,NULL),(225,'Nguyễn Đăng Minh','18021076@vnu.edu.vn',NULL,'$2y$10$92IXUNpkjO0rOQ5byMi.Ye4oKoEa3Ro9llC/.og/at2.uheWG/igi',NULL,NULL,NULL,NULL,NULL,NULL,NULL,'2001-11-05',2,NULL,NULL,NULL,1,18021076,0,NULL),(226,'Nguyễn Như Nam','18021111@vnu.edu.vn',NULL,'$2y$10$92IXUNpkjO0rOQ5byMi.Ye4oKoEa3Ro9llC/.og/at2.uheWG/igi',NULL,NULL,NULL,NULL,NULL,NULL,NULL,'2001-03-31',2,NULL,NULL,NULL,6,18021111,0,NULL),(227,'Hoàng Minh Quang','18021112@vnu.edu.vn',NULL,'$2y$10$92IXUNpkjO0rOQ5byMi.Ye4oKoEa3Ro9llC/.og/at2.uheWG/igi',NULL,NULL,NULL,NULL,NULL,NULL,NULL,'2001-04-13',2,NULL,NULL,NULL,0,18021112,0,NULL),(228,'Phạm Mạnh Minh Quang','18021117@vnu.edu.vn',NULL,'$2y$10$92IXUNpkjO0rOQ5byMi.Ye4oKoEa3Ro9llC/.og/at2.uheWG/igi',NULL,NULL,NULL,NULL,NULL,NULL,NULL,'2001-01-10',2,NULL,NULL,NULL,0,18021117,0,NULL),(229,'Nguyễn Khánh Quân','18021120@vnu.edu.vn',NULL,'$2y$10$92IXUNpkjO0rOQ5byMi.Ye4oKoEa3Ro9llC/.og/at2.uheWG/igi',NULL,NULL,NULL,NULL,NULL,NULL,NULL,'2001-02-23',2,NULL,NULL,NULL,4,18021120,0,NULL),(230,'Phan Anh Quân','18021134@vnu.edu.vn',NULL,'$2y$10$92IXUNpkjO0rOQ5byMi.Ye4oKoEa3Ro9llC/.og/at2.uheWG/igi',NULL,NULL,NULL,NULL,NULL,NULL,NULL,'2001-07-27',2,NULL,NULL,NULL,9,18021134,0,NULL),(231,'Nguyễn Minh Quyết','18021140@vnu.edu.vn',NULL,'$2y$10$92IXUNpkjO0rOQ5byMi.Ye4oKoEa3Ro9llC/.og/at2.uheWG/igi',NULL,NULL,NULL,NULL,NULL,NULL,NULL,'2001-03-19',2,NULL,NULL,'Sinh viên nghèo vượt khó',1,18021140,0,NULL),(232,'Nguyễn Hải Sơn','18021146@vnu.edu.vn',NULL,'$2y$10$92IXUNpkjO0rOQ5byMi.Ye4oKoEa3Ro9llC/.og/at2.uheWG/igi',NULL,NULL,NULL,NULL,NULL,NULL,NULL,'2001-04-07',2,NULL,NULL,NULL,6,18021146,0,NULL),(233,'Đỗ Trọng Tấn','18021147@vnu.edu.vn',NULL,'$2y$10$92IXUNpkjO0rOQ5byMi.Ye4oKoEa3Ro9llC/.og/at2.uheWG/igi',NULL,NULL,NULL,NULL,NULL,NULL,NULL,'2001-02-19',2,NULL,NULL,NULL,2,18021147,0,NULL),(234,'Trịnh Văn Thuận','18021170@vnu.edu.vn',NULL,'$2y$10$92IXUNpkjO0rOQ5byMi.Ye4oKoEa3Ro9llC/.og/at2.uheWG/igi',NULL,NULL,NULL,NULL,NULL,NULL,NULL,'2001-07-21',2,NULL,NULL,NULL,9,18021170,0,NULL),(235,'Bùi Anh Thư','18021171@vnu.edu.vn',NULL,'$2y$10$92IXUNpkjO0rOQ5byMi.Ye4oKoEa3Ro9llC/.og/at2.uheWG/igi',NULL,NULL,NULL,NULL,NULL,NULL,NULL,'2001-07-07',2,NULL,NULL,NULL,1,18021171,0,NULL),(236,'Chu Văn Toàn','18021173@vnu.edu.vn',NULL,'$2y$10$92IXUNpkjO0rOQ5byMi.Ye4oKoEa3Ro9llC/.og/at2.uheWG/igi',NULL,NULL,NULL,NULL,NULL,NULL,NULL,'2001-10-20',2,NULL,NULL,NULL,2,18021173,0,NULL),(237,'Đinh Quốc Trung','18021175@vnu.edu.vn',NULL,'$2y$10$92IXUNpkjO0rOQ5byMi.Ye4oKoEa3Ro9llC/.og/at2.uheWG/igi',NULL,NULL,NULL,NULL,NULL,NULL,NULL,'2001-04-09',2,NULL,NULL,NULL,5,18021175,0,NULL),(238,'Nguyễn Thành Vinh','18021181@vnu.edu.vn',NULL,'$2y$10$92IXUNpkjO0rOQ5byMi.Ye4oKoEa3Ro9llC/.og/at2.uheWG/igi',NULL,NULL,NULL,NULL,NULL,NULL,NULL,'2001-06-16',2,NULL,NULL,NULL,1,18021181,0,NULL),(239,'Đặng Thế Hoàng Anh','18021193@vnu.edu.vn',NULL,'$2y$10$92IXUNpkjO0rOQ5byMi.Ye4oKoEa3Ro9llC/.og/at2.uheWG/igi',NULL,NULL,NULL,NULL,NULL,NULL,NULL,'2001-03-18',2,NULL,NULL,NULL,1,18021193,0,NULL),(240,'Nguyễn Việt Anh','18021194@vnu.edu.vn',NULL,'$2y$10$92IXUNpkjO0rOQ5byMi.Ye4oKoEa3Ro9llC/.og/at2.uheWG/igi',NULL,NULL,NULL,NULL,NULL,NULL,NULL,'2001-11-09',2,NULL,NULL,NULL,4,18021194,0,NULL),(241,'Vũ Đình Việt Anh','18021198@vnu.edu.vn',NULL,'$2y$10$92IXUNpkjO0rOQ5byMi.Ye4oKoEa3Ro9llC/.og/at2.uheWG/igi',NULL,NULL,NULL,NULL,NULL,NULL,NULL,'2001-04-26',2,NULL,NULL,NULL,1,18021198,0,NULL),(242,'Vũ Tú Anh','18021206@vnu.edu.vn',NULL,'$2y$10$92IXUNpkjO0rOQ5byMi.Ye4oKoEa3Ro9llC/.og/at2.uheWG/igi',NULL,NULL,NULL,NULL,NULL,NULL,NULL,'2001-11-07',2,NULL,NULL,NULL,8,18021206,0,NULL),(243,'Hoàng Hữu Bách','18021221@vnu.edu.vn',NULL,'$2y$10$92IXUNpkjO0rOQ5byMi.Ye4oKoEa3Ro9llC/.og/at2.uheWG/igi',NULL,NULL,NULL,NULL,NULL,NULL,NULL,'2001-09-12',2,NULL,NULL,'Sinh viên nghèo vượt khó',4,18021221,0,NULL),(244,'Trần Xuân Bách','18021228@vnu.edu.vn',NULL,'$2y$10$92IXUNpkjO0rOQ5byMi.Ye4oKoEa3Ro9llC/.og/at2.uheWG/igi',NULL,NULL,NULL,NULL,NULL,NULL,NULL,'2001-06-28',2,NULL,NULL,NULL,9,18021228,0,NULL),(245,'Lê Mạnh Cường','18021233@vnu.edu.vn',NULL,'$2y$10$92IXUNpkjO0rOQ5byMi.Ye4oKoEa3Ro9llC/.og/at2.uheWG/igi',NULL,NULL,NULL,NULL,NULL,NULL,NULL,'2001-03-02',2,NULL,NULL,NULL,6,18021233,0,NULL),(246,'Mai Công Danh','18021235@vnu.edu.vn',NULL,'$2y$10$92IXUNpkjO0rOQ5byMi.Ye4oKoEa3Ro9llC/.og/at2.uheWG/igi',NULL,NULL,NULL,NULL,NULL,NULL,NULL,'2001-01-29',2,NULL,NULL,NULL,9,18021235,0,NULL),(247,'Cao Đức Anh Dũng','18021242@vnu.edu.vn',NULL,'$2y$10$92IXUNpkjO0rOQ5byMi.Ye4oKoEa3Ro9llC/.og/at2.uheWG/igi',NULL,NULL,NULL,NULL,NULL,NULL,NULL,'2001-03-28',2,NULL,NULL,NULL,6,18021242,0,NULL),(248,'Lê Tuấn Dũng','18021255@vnu.edu.vn',NULL,'$2y$10$92IXUNpkjO0rOQ5byMi.Ye4oKoEa3Ro9llC/.og/at2.uheWG/igi',NULL,NULL,NULL,NULL,NULL,NULL,NULL,'2001-11-19',2,NULL,NULL,NULL,3,18021255,0,NULL),(249,'Đỗ Đại Dương','18021292@vnu.edu.vn',NULL,'$2y$10$92IXUNpkjO0rOQ5byMi.Ye4oKoEa3Ro9llC/.og/at2.uheWG/igi',NULL,NULL,NULL,NULL,NULL,NULL,NULL,'2001-08-10',2,NULL,NULL,NULL,0,18021292,0,NULL),(250,'Đỗ Văn Đạt','18021298@vnu.edu.vn',NULL,'$2y$10$92IXUNpkjO0rOQ5byMi.Ye4oKoEa3Ro9llC/.og/at2.uheWG/igi',NULL,NULL,NULL,NULL,NULL,NULL,NULL,'2001-11-06',2,NULL,NULL,NULL,1,18021298,0,NULL),(251,'Nguyễn Tiến Đạt','18021301@vnu.edu.vn',NULL,'$2y$10$92IXUNpkjO0rOQ5byMi.Ye4oKoEa3Ro9llC/.og/at2.uheWG/igi',NULL,NULL,NULL,NULL,NULL,NULL,NULL,'2001-09-01',2,NULL,NULL,NULL,6,18021301,0,NULL),(252,'Lê Trung Đức','18021303@vnu.edu.vn',NULL,'$2y$10$92IXUNpkjO0rOQ5byMi.Ye4oKoEa3Ro9llC/.og/at2.uheWG/igi',NULL,NULL,NULL,NULL,NULL,NULL,NULL,'1998-09-08',2,NULL,NULL,NULL,5,18021303,0,NULL),(253,'Nguyễn Trần Anh Đức','18021306@vnu.edu.vn',NULL,'$2y$10$92IXUNpkjO0rOQ5byMi.Ye4oKoEa3Ro9llC/.og/at2.uheWG/igi',NULL,NULL,NULL,NULL,NULL,NULL,NULL,'2001-02-18',2,NULL,NULL,NULL,1,18021306,0,NULL),(254,'Hà Đông Giang','18021310@vnu.edu.vn',NULL,'$2y$10$92IXUNpkjO0rOQ5byMi.Ye4oKoEa3Ro9llC/.og/at2.uheWG/igi',NULL,NULL,NULL,NULL,NULL,NULL,NULL,'2001-10-18',2,NULL,NULL,NULL,4,18021310,0,NULL),(255,'Đỗ Hồng Hà','18021315@vnu.edu.vn',NULL,'$2y$10$92IXUNpkjO0rOQ5byMi.Ye4oKoEa3Ro9llC/.og/at2.uheWG/igi',NULL,NULL,NULL,NULL,NULL,NULL,NULL,'2001-07-13',2,NULL,NULL,NULL,2,18021315,0,NULL),(256,'Nguyễn Đình Hải','18021319@vnu.edu.vn',NULL,'$2y$10$92IXUNpkjO0rOQ5byMi.Ye4oKoEa3Ro9llC/.og/at2.uheWG/igi',NULL,NULL,NULL,NULL,NULL,NULL,NULL,'2001-12-06',2,NULL,NULL,NULL,9,18021319,0,NULL),(257,'Nguyễn Thị Thúy Hiền','18021324@vnu.edu.vn',NULL,'$2y$10$92IXUNpkjO0rOQ5byMi.Ye4oKoEa3Ro9llC/.og/at2.uheWG/igi',NULL,NULL,NULL,NULL,NULL,NULL,NULL,'2001-09-01',2,NULL,NULL,NULL,4,18021324,0,NULL),(258,'Nguyễn Sinh Hiển','18021335@vnu.edu.vn',NULL,'$2y$10$92IXUNpkjO0rOQ5byMi.Ye4oKoEa3Ro9llC/.og/at2.uheWG/igi',NULL,NULL,NULL,NULL,NULL,NULL,NULL,'2001-08-31',2,NULL,NULL,NULL,5,18021335,0,NULL),(259,'Bùi Minh Hiếu','18021336@vnu.edu.vn',NULL,'$2y$10$92IXUNpkjO0rOQ5byMi.Ye4oKoEa3Ro9llC/.og/at2.uheWG/igi',NULL,NULL,NULL,NULL,NULL,NULL,NULL,'2001-01-30',2,NULL,NULL,NULL,7,18021336,0,NULL),(260,'Nguyễn Trung Hiếu','18021337@vnu.edu.vn',NULL,'$2y$10$92IXUNpkjO0rOQ5byMi.Ye4oKoEa3Ro9llC/.og/at2.uheWG/igi',NULL,NULL,NULL,NULL,NULL,NULL,NULL,'2001-04-16',2,NULL,NULL,NULL,5,18021337,0,NULL),(261,'Nguyễn Hữu Hoàng','18021338@vnu.edu.vn',NULL,'$2y$10$92IXUNpkjO0rOQ5byMi.Ye4oKoEa3Ro9llC/.og/at2.uheWG/igi',NULL,NULL,NULL,NULL,NULL,NULL,NULL,'2001-01-27',2,NULL,NULL,'Sinh viên nghèo vượt khó',6,18021338,0,NULL),(262,'Nguyễn Thế Hoàng','18021340@vnu.edu.vn',NULL,'$2y$10$92IXUNpkjO0rOQ5byMi.Ye4oKoEa3Ro9llC/.og/at2.uheWG/igi',NULL,NULL,NULL,NULL,NULL,NULL,NULL,'2001-09-07',2,NULL,NULL,NULL,9,18021340,0,NULL),(263,'Trần Minh Hoàng','18021345@vnu.edu.vn',NULL,'$2y$10$92IXUNpkjO0rOQ5byMi.Ye4oKoEa3Ro9llC/.og/at2.uheWG/igi',NULL,NULL,NULL,NULL,NULL,NULL,NULL,'2001-01-31',2,NULL,NULL,NULL,3,18021345,0,NULL),(264,'Hồ An Huy','18021348@vnu.edu.vn',NULL,'$2y$10$92IXUNpkjO0rOQ5byMi.Ye4oKoEa3Ro9llC/.og/at2.uheWG/igi',NULL,NULL,NULL,NULL,NULL,NULL,NULL,'2001-03-16',2,NULL,NULL,NULL,9,18021348,0,NULL),(265,'Lê Bá Gia Huy','18021351@vnu.edu.vn',NULL,'$2y$10$92IXUNpkjO0rOQ5byMi.Ye4oKoEa3Ro9llC/.og/at2.uheWG/igi',NULL,NULL,NULL,NULL,NULL,NULL,NULL,'2001-09-02',2,NULL,NULL,NULL,3,18021351,0,NULL),(266,'Nguyễn Quang Huy','18021360@vnu.edu.vn',NULL,'$2y$10$92IXUNpkjO0rOQ5byMi.Ye4oKoEa3Ro9llC/.og/at2.uheWG/igi',NULL,NULL,NULL,NULL,NULL,NULL,NULL,'2001-08-25',2,NULL,NULL,NULL,2,18021360,0,NULL),(267,'Đỗ Ngọc Huyền','18021376@vnu.edu.vn',NULL,'$2y$10$92IXUNpkjO0rOQ5byMi.Ye4oKoEa3Ro9llC/.og/at2.uheWG/igi',NULL,NULL,NULL,NULL,NULL,NULL,NULL,'2001-01-11',2,NULL,NULL,NULL,3,18021376,0,NULL),(268,'Phạm Thị Minh Khuê','18021377@vnu.edu.vn',NULL,'$2y$10$92IXUNpkjO0rOQ5byMi.Ye4oKoEa3Ro9llC/.og/at2.uheWG/igi',NULL,NULL,NULL,NULL,NULL,NULL,NULL,'2001-06-19',2,NULL,NULL,NULL,5,18021377,0,NULL),(269,'Đào Danh kiến','18021404@vnu.edu.vn',NULL,'$2y$10$92IXUNpkjO0rOQ5byMi.Ye4oKoEa3Ro9llC/.og/at2.uheWG/igi',NULL,NULL,NULL,NULL,NULL,NULL,NULL,'2001-05-04',2,NULL,NULL,NULL,4,18021404,0,NULL),(270,'Đặng Xuân lãm','18021428@vnu.edu.vn',NULL,'$2y$10$92IXUNpkjO0rOQ5byMi.Ye4oKoEa3Ro9llC/.og/at2.uheWG/igi',NULL,NULL,NULL,NULL,NULL,NULL,NULL,'2001-11-22',2,NULL,NULL,NULL,6,18021428,0,NULL),(271,'Lưu Văn Lâm','18021452@vnu.edu.vn',NULL,'$2y$10$92IXUNpkjO0rOQ5byMi.Ye4oKoEa3Ro9llC/.og/at2.uheWG/igi',NULL,NULL,NULL,NULL,NULL,NULL,NULL,'2001-12-28',2,NULL,NULL,NULL,4,18021452,0,NULL),(272,'Nguyễn Thế Linh','19020002@vnu.edu.vn',NULL,'$2y$10$92IXUNpkjO0rOQ5byMi.Ye4oKoEa3Ro9llC/.og/at2.uheWG/igi',NULL,NULL,NULL,NULL,NULL,NULL,NULL,'2001-09-21',2,NULL,NULL,NULL,4,19020002,0,NULL),(273,'Trần Duy Linh','19020004@vnu.edu.vn',NULL,'$2y$10$92IXUNpkjO0rOQ5byMi.Ye4oKoEa3Ro9llC/.og/at2.uheWG/igi',NULL,NULL,NULL,NULL,NULL,NULL,NULL,'2001-02-21',2,NULL,NULL,NULL,9,19020004,0,NULL),(274,'Lê Thành Long','19020005@vnu.edu.vn',NULL,'$2y$10$92IXUNpkjO0rOQ5byMi.Ye4oKoEa3Ro9llC/.og/at2.uheWG/igi',NULL,NULL,NULL,NULL,NULL,NULL,NULL,'2001-06-10',2,NULL,NULL,NULL,3,19020005,0,NULL),(275,'Trần Thế Mạnh Long','19020006@vnu.edu.vn',NULL,'$2y$10$92IXUNpkjO0rOQ5byMi.Ye4oKoEa3Ro9llC/.og/at2.uheWG/igi',NULL,NULL,NULL,NULL,NULL,NULL,NULL,'2001-12-28',2,NULL,NULL,NULL,6,19020006,0,NULL),(276,'Lê Thiên Lực','19020007@vnu.edu.vn',NULL,'$2y$10$92IXUNpkjO0rOQ5byMi.Ye4oKoEa3Ro9llC/.og/at2.uheWG/igi',NULL,NULL,NULL,NULL,NULL,NULL,NULL,'2001-09-21',2,NULL,NULL,NULL,2,19020007,0,NULL),(277,'Phùng Thị Lý','19020013@vnu.edu.vn',NULL,'$2y$10$92IXUNpkjO0rOQ5byMi.Ye4oKoEa3Ro9llC/.og/at2.uheWG/igi',NULL,NULL,NULL,NULL,NULL,NULL,NULL,'2001-02-16',2,NULL,NULL,NULL,3,19020013,0,NULL),(278,'Phạm Ngọc Mai','19020015@vnu.edu.vn',NULL,'$2y$10$92IXUNpkjO0rOQ5byMi.Ye4oKoEa3Ro9llC/.og/at2.uheWG/igi',NULL,NULL,NULL,NULL,NULL,NULL,NULL,'2001-06-17',2,NULL,NULL,'Sinh viên nghèo vượt khó',7,19020015,0,NULL),(279,'Lê Xuân Mạnh','19020017@vnu.edu.vn',NULL,'$2y$10$92IXUNpkjO0rOQ5byMi.Ye4oKoEa3Ro9llC/.og/at2.uheWG/igi',NULL,NULL,NULL,NULL,NULL,NULL,NULL,'2001-08-17',2,NULL,NULL,NULL,4,19020017,0,NULL),(280,'Cao Đình Hoàng Minh','19020019@vnu.edu.vn',NULL,'$2y$10$92IXUNpkjO0rOQ5byMi.Ye4oKoEa3Ro9llC/.og/at2.uheWG/igi',NULL,NULL,NULL,NULL,NULL,NULL,NULL,'2001-09-25',2,NULL,NULL,NULL,0,19020019,0,NULL),(281,'Đỗ Văn Nam','19020025@vnu.edu.vn',NULL,'$2y$10$92IXUNpkjO0rOQ5byMi.Ye4oKoEa3Ro9llC/.og/at2.uheWG/igi',NULL,NULL,NULL,NULL,NULL,NULL,NULL,'2001-06-10',2,NULL,NULL,NULL,1,19020025,0,NULL),(282,'Phạm Thị Phương Nam','19020032@vnu.edu.vn',NULL,'$2y$10$92IXUNpkjO0rOQ5byMi.Ye4oKoEa3Ro9llC/.og/at2.uheWG/igi',NULL,NULL,NULL,NULL,NULL,NULL,NULL,'2001-12-08',2,NULL,NULL,NULL,4,19020032,0,NULL),(283,'Phạm Trung Nghĩa','19020038@vnu.edu.vn',NULL,'$2y$10$92IXUNpkjO0rOQ5byMi.Ye4oKoEa3Ro9llC/.og/at2.uheWG/igi',NULL,NULL,NULL,NULL,NULL,NULL,NULL,'2001-09-27',2,NULL,NULL,NULL,1,19020038,0,NULL),(284,'Võ Phùng Bảo Nhật','19020041@vnu.edu.vn',NULL,'$2y$10$92IXUNpkjO0rOQ5byMi.Ye4oKoEa3Ro9llC/.og/at2.uheWG/igi',NULL,NULL,NULL,NULL,NULL,NULL,NULL,'2000-01-27',2,NULL,NULL,NULL,6,19020041,0,NULL),(285,'Trần Thế Phong','19020042@vnu.edu.vn',NULL,'$2y$10$92IXUNpkjO0rOQ5byMi.Ye4oKoEa3Ro9llC/.og/at2.uheWG/igi',NULL,NULL,NULL,NULL,NULL,NULL,NULL,'2001-10-17',2,NULL,NULL,NULL,0,19020042,0,NULL),(286,'Trần Thành Phúc','19020046@vnu.edu.vn',NULL,'$2y$10$92IXUNpkjO0rOQ5byMi.Ye4oKoEa3Ro9llC/.og/at2.uheWG/igi',NULL,NULL,NULL,NULL,NULL,NULL,NULL,'2001-07-03',2,NULL,NULL,NULL,7,19020046,0,NULL),(287,'Hoàng Minh Quang','19020051@vnu.edu.vn',NULL,'$2y$10$92IXUNpkjO0rOQ5byMi.Ye4oKoEa3Ro9llC/.og/at2.uheWG/igi',NULL,NULL,NULL,NULL,NULL,NULL,NULL,'2001-11-25',2,NULL,NULL,NULL,8,19020051,0,NULL),(288,'Nguyễn Văn Quang','19020056@vnu.edu.vn',NULL,'$2y$10$92IXUNpkjO0rOQ5byMi.Ye4oKoEa3Ro9llC/.og/at2.uheWG/igi',NULL,NULL,NULL,NULL,NULL,NULL,NULL,'2001-09-16',2,NULL,NULL,NULL,5,19020056,0,NULL),(289,'Vũ Xuân Quyết','19020061@vnu.edu.vn',NULL,'$2y$10$92IXUNpkjO0rOQ5byMi.Ye4oKoEa3Ro9llC/.og/at2.uheWG/igi',NULL,NULL,NULL,NULL,NULL,NULL,NULL,'2001-12-04',2,NULL,NULL,NULL,5,19020061,0,NULL),(290,'Lê Duy Sơn','19020063@vnu.edu.vn',NULL,'$2y$10$92IXUNpkjO0rOQ5byMi.Ye4oKoEa3Ro9llC/.og/at2.uheWG/igi',NULL,NULL,NULL,NULL,NULL,NULL,NULL,'2001-03-26',2,NULL,NULL,NULL,0,19020063,0,NULL),(291,'Đinh Văn Thái','19020066@vnu.edu.vn',NULL,'$2y$10$92IXUNpkjO0rOQ5byMi.Ye4oKoEa3Ro9llC/.og/at2.uheWG/igi',NULL,NULL,NULL,NULL,NULL,NULL,NULL,'2001-03-06',2,NULL,NULL,NULL,5,19020066,0,NULL),(292,'Nguyễn Chí Thanh','19020075@vnu.edu.vn',NULL,'$2y$10$92IXUNpkjO0rOQ5byMi.Ye4oKoEa3Ro9llC/.og/at2.uheWG/igi',NULL,NULL,NULL,NULL,NULL,NULL,NULL,'2001-10-30',2,NULL,NULL,NULL,8,19020075,0,NULL),(293,'Lê Tuấn Thành','19020076@vnu.edu.vn',NULL,'$2y$10$92IXUNpkjO0rOQ5byMi.Ye4oKoEa3Ro9llC/.og/at2.uheWG/igi',NULL,NULL,NULL,NULL,NULL,NULL,NULL,'2001-04-30',2,NULL,NULL,NULL,9,19020076,0,NULL),(294,'Nguyễn Gia Cát Thành','19020078@vnu.edu.vn',NULL,'$2y$10$92IXUNpkjO0rOQ5byMi.Ye4oKoEa3Ro9llC/.og/at2.uheWG/igi',NULL,NULL,NULL,NULL,NULL,NULL,NULL,'2001-08-25',2,NULL,NULL,NULL,3,19020078,0,NULL),(295,'Vi Quốc Thiện','19020087@vnu.edu.vn',NULL,'$2y$10$92IXUNpkjO0rOQ5byMi.Ye4oKoEa3Ro9llC/.og/at2.uheWG/igi',NULL,NULL,NULL,NULL,NULL,NULL,NULL,'2000-09-10',2,NULL,NULL,NULL,3,19020087,0,NULL),(296,'Lê Đức Tĩnh','19020092@vnu.edu.vn',NULL,'$2y$10$92IXUNpkjO0rOQ5byMi.Ye4oKoEa3Ro9llC/.og/at2.uheWG/igi',NULL,NULL,NULL,NULL,NULL,NULL,NULL,'2001-10-31',2,NULL,NULL,NULL,9,19020092,0,NULL),(297,'Phí Trần Toàn','19020093@vnu.edu.vn',NULL,'$2y$10$92IXUNpkjO0rOQ5byMi.Ye4oKoEa3Ro9llC/.og/at2.uheWG/igi',NULL,NULL,NULL,NULL,NULL,NULL,NULL,'2001-05-28',2,NULL,NULL,'Sinh viên nghèo vượt khó',9,19020093,0,NULL),(298,'Bùi Văn Toán','19020115@vnu.edu.vn',NULL,'$2y$10$92IXUNpkjO0rOQ5byMi.Ye4oKoEa3Ro9llC/.og/at2.uheWG/igi',NULL,NULL,NULL,NULL,NULL,NULL,NULL,'2001-09-25',2,NULL,NULL,NULL,3,19020115,0,NULL),(299,'Đỗ Minh Trung','19020128@vnu.edu.vn',NULL,'$2y$10$92IXUNpkjO0rOQ5byMi.Ye4oKoEa3Ro9llC/.og/at2.uheWG/igi',NULL,NULL,NULL,NULL,NULL,NULL,NULL,'2001-02-09',2,NULL,NULL,NULL,2,19020128,0,NULL),(300,'Nguyễn Văn Tú','19020155@vnu.edu.vn',NULL,'$2y$10$92IXUNpkjO0rOQ5byMi.Ye4oKoEa3Ro9llC/.og/at2.uheWG/igi',NULL,NULL,NULL,NULL,NULL,NULL,NULL,'2001-07-17',2,NULL,NULL,NULL,6,19020155,0,NULL),(301,'Nguyễn Bá Anh Tuấn','19020162@vnu.edu.vn',NULL,'$2y$10$92IXUNpkjO0rOQ5byMi.Ye4oKoEa3Ro9llC/.og/at2.uheWG/igi',NULL,NULL,NULL,NULL,NULL,NULL,NULL,'2001-01-11',2,NULL,NULL,NULL,1,19020162,0,NULL),(302,'Nguyễn Mạnh Tuấn','19020163@vnu.edu.vn',NULL,'$2y$10$92IXUNpkjO0rOQ5byMi.Ye4oKoEa3Ro9llC/.og/at2.uheWG/igi',NULL,NULL,NULL,NULL,NULL,NULL,NULL,'2001-12-28',2,NULL,NULL,NULL,3,19020163,0,NULL),(303,'Nguyễn Quốc Tuyên','19020171@vnu.edu.vn',NULL,'$2y$10$92IXUNpkjO0rOQ5byMi.Ye4oKoEa3Ro9llC/.og/at2.uheWG/igi',NULL,NULL,NULL,NULL,NULL,NULL,NULL,'2000-01-18',2,NULL,NULL,NULL,7,19020171,0,NULL),(304,'Ninh Thị Tươi','19020172@vnu.edu.vn',NULL,'$2y$10$92IXUNpkjO0rOQ5byMi.Ye4oKoEa3Ro9llC/.og/at2.uheWG/igi',NULL,NULL,NULL,NULL,NULL,NULL,NULL,'2001-03-02',2,NULL,NULL,NULL,9,19020172,0,NULL),(305,'Sùng Mí Và','19020173@vnu.edu.vn',NULL,'$2y$10$92IXUNpkjO0rOQ5byMi.Ye4oKoEa3Ro9llC/.og/at2.uheWG/igi',NULL,NULL,NULL,NULL,NULL,NULL,NULL,'2000-10-21',2,NULL,NULL,NULL,1,19020173,0,NULL),(306,'Vũ Quốc Bảo','19020177@vnu.edu.vn',NULL,'$2y$10$92IXUNpkjO0rOQ5byMi.Ye4oKoEa3Ro9llC/.og/at2.uheWG/igi',NULL,NULL,NULL,NULL,NULL,NULL,NULL,'2001-12-04',2,NULL,NULL,NULL,4,19020177,0,NULL),(307,'Đặng Trung Cương','19020201@vnu.edu.vn',NULL,'$2y$10$92IXUNpkjO0rOQ5byMi.Ye4oKoEa3Ro9llC/.og/at2.uheWG/igi',NULL,NULL,NULL,NULL,NULL,NULL,NULL,'2001-01-19',2,NULL,NULL,NULL,8,19020201,0,NULL),(308,'Lê Thiên Cường','19020203@vnu.edu.vn',NULL,'$2y$10$92IXUNpkjO0rOQ5byMi.Ye4oKoEa3Ro9llC/.og/at2.uheWG/igi',NULL,NULL,NULL,NULL,NULL,NULL,NULL,'2001-02-10',2,NULL,NULL,'Sinh viên nghèo vượt khó',1,19020203,0,NULL),(309,'Nguyễn Trọng Đạt','19020205@vnu.edu.vn',NULL,'$2y$10$92IXUNpkjO0rOQ5byMi.Ye4oKoEa3Ro9llC/.og/at2.uheWG/igi',NULL,NULL,NULL,NULL,NULL,NULL,NULL,'2001-09-06',2,NULL,NULL,NULL,7,19020205,0,NULL),(310,'Dương Ngân Hà','19020211@vnu.edu.vn',NULL,'$2y$10$92IXUNpkjO0rOQ5byMi.Ye4oKoEa3Ro9llC/.og/at2.uheWG/igi',NULL,NULL,NULL,NULL,NULL,NULL,NULL,'2001-08-07',2,NULL,NULL,NULL,0,19020211,0,NULL),(311,'Khuất Văn Hải','19020214@vnu.edu.vn',NULL,'$2y$10$92IXUNpkjO0rOQ5byMi.Ye4oKoEa3Ro9llC/.og/at2.uheWG/igi',NULL,NULL,NULL,NULL,NULL,NULL,NULL,'2001-08-30',2,NULL,NULL,NULL,5,19020214,0,NULL),(312,'Bùi Xuân Hiếu','19020215@vnu.edu.vn',NULL,'$2y$10$92IXUNpkjO0rOQ5byMi.Ye4oKoEa3Ro9llC/.og/at2.uheWG/igi',NULL,NULL,NULL,NULL,NULL,NULL,NULL,'2001-03-03',2,NULL,NULL,NULL,2,19020215,0,NULL),(313,'Đặng Trần Hiếu','19020218@vnu.edu.vn',NULL,'$2y$10$92IXUNpkjO0rOQ5byMi.Ye4oKoEa3Ro9llC/.og/at2.uheWG/igi',NULL,NULL,NULL,NULL,NULL,NULL,NULL,'2001-07-13',2,NULL,NULL,NULL,2,19020218,0,NULL),(314,'Lê Thị Minh Hồng','19020219@vnu.edu.vn',NULL,'$2y$10$92IXUNpkjO0rOQ5byMi.Ye4oKoEa3Ro9llC/.og/at2.uheWG/igi',NULL,NULL,NULL,NULL,NULL,NULL,NULL,'2001-10-03',2,NULL,NULL,NULL,6,19020219,0,NULL),(315,'Vũ Tuấn Hùng','19020222@vnu.edu.vn',NULL,'$2y$10$92IXUNpkjO0rOQ5byMi.Ye4oKoEa3Ro9llC/.og/at2.uheWG/igi',NULL,NULL,NULL,NULL,NULL,NULL,NULL,'2001-04-29',2,NULL,NULL,NULL,9,19020222,0,NULL),(316,'Bùi Khánh Huyền','19020224@vnu.edu.vn',NULL,'$2y$10$92IXUNpkjO0rOQ5byMi.Ye4oKoEa3Ro9llC/.og/at2.uheWG/igi',NULL,NULL,NULL,NULL,NULL,NULL,NULL,'2001-10-09',2,NULL,NULL,NULL,6,19020224,0,NULL),(317,'Lê Công Nam','19020225@vnu.edu.vn',NULL,'$2y$10$92IXUNpkjO0rOQ5byMi.Ye4oKoEa3Ro9llC/.og/at2.uheWG/igi',NULL,NULL,NULL,NULL,NULL,NULL,NULL,'2001-02-01',2,NULL,NULL,'Sinh viên nghèo vượt khó',9,19020225,0,NULL),(318,'Trương Văn Nam','19020226@vnu.edu.vn',NULL,'$2y$10$92IXUNpkjO0rOQ5byMi.Ye4oKoEa3Ro9llC/.og/at2.uheWG/igi',NULL,NULL,NULL,NULL,NULL,NULL,NULL,'2001-08-11',2,NULL,NULL,NULL,6,19020226,0,NULL),(319,'Phạm Hoàng Phi','19020229@vnu.edu.vn',NULL,'$2y$10$92IXUNpkjO0rOQ5byMi.Ye4oKoEa3Ro9llC/.og/at2.uheWG/igi',NULL,NULL,NULL,NULL,NULL,NULL,NULL,'2001-12-09',2,NULL,NULL,NULL,1,19020229,0,NULL),(320,'Nguyễn Minh Quang','19020231@vnu.edu.vn',NULL,'$2y$10$92IXUNpkjO0rOQ5byMi.Ye4oKoEa3Ro9llC/.og/at2.uheWG/igi',NULL,NULL,NULL,NULL,NULL,NULL,NULL,'2001-03-28',2,NULL,NULL,NULL,0,19020231,0,NULL),(321,'Nguyễn Minh Quân','19020233@vnu.edu.vn',NULL,'$2y$10$92IXUNpkjO0rOQ5byMi.Ye4oKoEa3Ro9llC/.og/at2.uheWG/igi',NULL,NULL,NULL,NULL,NULL,NULL,NULL,'2001-08-30',2,NULL,NULL,NULL,1,19020233,0,NULL),(322,'Phạm Văn Sang','19020234@vnu.edu.vn',NULL,'$2y$10$92IXUNpkjO0rOQ5byMi.Ye4oKoEa3Ro9llC/.og/at2.uheWG/igi',NULL,NULL,NULL,NULL,NULL,NULL,NULL,'2001-04-02',2,NULL,NULL,NULL,0,19020234,0,NULL),(323,'Phạm Gia Tâm','19020236@vnu.edu.vn',NULL,'$2y$10$92IXUNpkjO0rOQ5byMi.Ye4oKoEa3Ro9llC/.og/at2.uheWG/igi',NULL,NULL,NULL,NULL,NULL,NULL,NULL,'2001-12-08',2,NULL,NULL,NULL,9,19020236,0,NULL),(324,'Bùi Thị Phương Thảo','19020239@vnu.edu.vn',NULL,'$2y$10$92IXUNpkjO0rOQ5byMi.Ye4oKoEa3Ro9llC/.og/at2.uheWG/igi',NULL,NULL,NULL,NULL,NULL,NULL,NULL,'2001-03-16',2,NULL,NULL,NULL,7,19020239,0,NULL),(325,'Nguyễn Quyết Thắng','19020243@vnu.edu.vn',NULL,'$2y$10$92IXUNpkjO0rOQ5byMi.Ye4oKoEa3Ro9llC/.og/at2.uheWG/igi',NULL,NULL,NULL,NULL,NULL,NULL,NULL,'2001-10-13',2,NULL,NULL,NULL,5,19020243,0,NULL),(326,'Nguyễn Bá Tiên','19020249@vnu.edu.vn',NULL,'$2y$10$92IXUNpkjO0rOQ5byMi.Ye4oKoEa3Ro9llC/.og/at2.uheWG/igi',NULL,NULL,NULL,NULL,NULL,NULL,NULL,'2001-03-25',2,NULL,NULL,NULL,2,19020249,0,NULL),(327,'Nguyễn Thị Tình','19020252@vnu.edu.vn',NULL,'$2y$10$92IXUNpkjO0rOQ5byMi.Ye4oKoEa3Ro9llC/.og/at2.uheWG/igi',NULL,NULL,NULL,NULL,NULL,NULL,NULL,'2000-11-10',2,NULL,NULL,NULL,1,19020252,0,NULL),(328,'Lê Văn Hiếu Trung','19020253@vnu.edu.vn',NULL,'$2y$10$92IXUNpkjO0rOQ5byMi.Ye4oKoEa3Ro9llC/.og/at2.uheWG/igi',NULL,NULL,NULL,NULL,NULL,NULL,NULL,'2001-12-25',2,NULL,NULL,NULL,5,19020253,0,NULL),(329,'Nguyễn Quốc Trung','19020254@vnu.edu.vn',NULL,'$2y$10$92IXUNpkjO0rOQ5byMi.Ye4oKoEa3Ro9llC/.og/at2.uheWG/igi',NULL,NULL,NULL,NULL,NULL,NULL,NULL,'2001-11-19',2,NULL,NULL,NULL,6,19020254,0,NULL),(330,'Phan Đình Đan Trường','19020258@vnu.edu.vn',NULL,'$2y$10$92IXUNpkjO0rOQ5byMi.Ye4oKoEa3Ro9llC/.og/at2.uheWG/igi',NULL,NULL,NULL,NULL,NULL,NULL,NULL,'2001-11-28',2,NULL,NULL,NULL,3,19020258,0,NULL),(331,'Hoàng Hữu Tùng','19020263@vnu.edu.vn',NULL,'$2y$10$92IXUNpkjO0rOQ5byMi.Ye4oKoEa3Ro9llC/.og/at2.uheWG/igi',NULL,NULL,NULL,NULL,NULL,NULL,NULL,'2001-02-10',2,NULL,NULL,'Sinh viên nghèo vượt khó',9,19020263,0,NULL),(332,'Nguyễn Hoàng Tùng','19020267@vnu.edu.vn',NULL,'$2y$10$92IXUNpkjO0rOQ5byMi.Ye4oKoEa3Ro9llC/.og/at2.uheWG/igi',NULL,NULL,NULL,NULL,NULL,NULL,NULL,'2001-09-05',2,NULL,NULL,NULL,6,19020267,0,NULL),(333,'Kiều Thế Vinh','19020269@vnu.edu.vn',NULL,'$2y$10$92IXUNpkjO0rOQ5byMi.Ye4oKoEa3Ro9llC/.og/at2.uheWG/igi',NULL,NULL,NULL,NULL,NULL,NULL,NULL,'2001-07-28',2,NULL,NULL,NULL,6,19020269,0,NULL),(334,'Lê Huy Vũ','19020270@vnu.edu.vn',NULL,'$2y$10$92IXUNpkjO0rOQ5byMi.Ye4oKoEa3Ro9llC/.og/at2.uheWG/igi',NULL,NULL,NULL,NULL,NULL,NULL,NULL,'2001-05-18',2,NULL,NULL,NULL,1,19020270,0,NULL),(335,'Nguyễn Hữu Vượt','19020272@vnu.edu.vn',NULL,'$2y$10$92IXUNpkjO0rOQ5byMi.Ye4oKoEa3Ro9llC/.og/at2.uheWG/igi',NULL,NULL,NULL,NULL,NULL,NULL,NULL,'2001-10-13',2,NULL,NULL,NULL,9,19020272,0,NULL),(336,'Lê Văn An','19020276@vnu.edu.vn',NULL,'$2y$10$92IXUNpkjO0rOQ5byMi.Ye4oKoEa3Ro9llC/.og/at2.uheWG/igi',NULL,NULL,NULL,NULL,NULL,NULL,NULL,'2001-08-06',2,NULL,NULL,NULL,6,19020276,0,NULL),(337,'Nguyễn Đức An','19020278@vnu.edu.vn',NULL,'$2y$10$92IXUNpkjO0rOQ5byMi.Ye4oKoEa3Ro9llC/.og/at2.uheWG/igi',NULL,NULL,NULL,NULL,NULL,NULL,NULL,'2001-04-11',2,NULL,NULL,NULL,7,19020278,0,NULL),(338,'Trần Công Việt An','19020279@vnu.edu.vn',NULL,'$2y$10$92IXUNpkjO0rOQ5byMi.Ye4oKoEa3Ro9llC/.og/at2.uheWG/igi',NULL,NULL,NULL,NULL,NULL,NULL,NULL,'2001-02-22',2,NULL,NULL,NULL,5,19020279,0,NULL),(339,'Dương Nguyệt Ánh','19020282@vnu.edu.vn',NULL,'$2y$10$92IXUNpkjO0rOQ5byMi.Ye4oKoEa3Ro9llC/.og/at2.uheWG/igi',NULL,NULL,NULL,NULL,NULL,NULL,NULL,'2001-05-19',2,NULL,NULL,NULL,3,19020282,0,NULL),(340,'Dương Tú Anh','19020283@vnu.edu.vn',NULL,'$2y$10$92IXUNpkjO0rOQ5byMi.Ye4oKoEa3Ro9llC/.og/at2.uheWG/igi',NULL,NULL,NULL,NULL,NULL,NULL,NULL,'2001-10-22',2,NULL,NULL,'Sinh viên nghèo vượt khó',4,19020283,0,NULL),(341,'Lý Hoàng Anh','19020285@vnu.edu.vn',NULL,'$2y$10$92IXUNpkjO0rOQ5byMi.Ye4oKoEa3Ro9llC/.og/at2.uheWG/igi',NULL,NULL,NULL,NULL,NULL,NULL,NULL,'2001-08-23',2,NULL,NULL,NULL,0,19020285,0,NULL),(342,'Nguyễn Trung Anh','19020286@vnu.edu.vn',NULL,'$2y$10$92IXUNpkjO0rOQ5byMi.Ye4oKoEa3Ro9llC/.og/at2.uheWG/igi',NULL,NULL,NULL,NULL,NULL,NULL,NULL,'2001-11-17',2,NULL,NULL,NULL,0,19020286,0,NULL),(343,'Phạm Ngọc Ánh','19020289@vnu.edu.vn',NULL,'$2y$10$92IXUNpkjO0rOQ5byMi.Ye4oKoEa3Ro9llC/.og/at2.uheWG/igi',NULL,NULL,NULL,NULL,NULL,NULL,NULL,'2001-07-19',2,NULL,NULL,NULL,9,19020289,0,NULL),(344,'Trần Quang Anh','19020291@vnu.edu.vn',NULL,'$2y$10$92IXUNpkjO0rOQ5byMi.Ye4oKoEa3Ro9llC/.og/at2.uheWG/igi',NULL,NULL,NULL,NULL,NULL,NULL,NULL,'2001-09-26',2,NULL,NULL,NULL,6,19020291,0,NULL),(345,'Trần Quốc Anh','19020296@vnu.edu.vn',NULL,'$2y$10$92IXUNpkjO0rOQ5byMi.Ye4oKoEa3Ro9llC/.og/at2.uheWG/igi',NULL,NULL,NULL,NULL,NULL,NULL,NULL,'2001-08-15',2,NULL,NULL,NULL,6,19020296,0,NULL),(346,'Nguyễn Cao Bách','19020297@vnu.edu.vn',NULL,'$2y$10$92IXUNpkjO0rOQ5byMi.Ye4oKoEa3Ro9llC/.og/at2.uheWG/igi',NULL,NULL,NULL,NULL,NULL,NULL,NULL,'2001-08-26',2,NULL,NULL,NULL,1,19020297,0,NULL),(347,'Nguyễn Xuân Bách','19020298@vnu.edu.vn',NULL,'$2y$10$92IXUNpkjO0rOQ5byMi.Ye4oKoEa3Ro9llC/.og/at2.uheWG/igi',NULL,NULL,NULL,NULL,NULL,NULL,NULL,'2001-09-27',2,NULL,NULL,NULL,6,19020298,0,NULL),(348,'Bùi Đăng Nam Bình','19020303@vnu.edu.vn',NULL,'$2y$10$92IXUNpkjO0rOQ5byMi.Ye4oKoEa3Ro9llC/.og/at2.uheWG/igi',NULL,NULL,NULL,NULL,NULL,NULL,NULL,'2001-10-25',2,NULL,NULL,NULL,6,19020303,0,NULL),(349,'Ngô Tiến Bình','19020304@vnu.edu.vn',NULL,'$2y$10$92IXUNpkjO0rOQ5byMi.Ye4oKoEa3Ro9llC/.og/at2.uheWG/igi',NULL,NULL,NULL,NULL,NULL,NULL,NULL,'2001-01-02',2,NULL,NULL,NULL,9,19020304,0,NULL),(350,'Phạm Quốc Bình','19020305@vnu.edu.vn',NULL,'$2y$10$92IXUNpkjO0rOQ5byMi.Ye4oKoEa3Ro9llC/.og/at2.uheWG/igi',NULL,NULL,NULL,NULL,NULL,NULL,NULL,'2001-08-10',2,NULL,NULL,NULL,7,19020305,0,NULL),(351,'Trương Gia Bình','19020310@vnu.edu.vn',NULL,'$2y$10$92IXUNpkjO0rOQ5byMi.Ye4oKoEa3Ro9llC/.og/at2.uheWG/igi',NULL,NULL,NULL,NULL,NULL,NULL,NULL,'2001-12-30',2,NULL,NULL,NULL,5,19020310,0,NULL),(352,'Nguyễn Thành Bổng','19020312@vnu.edu.vn',NULL,'$2y$10$92IXUNpkjO0rOQ5byMi.Ye4oKoEa3Ro9llC/.og/at2.uheWG/igi',NULL,NULL,NULL,NULL,NULL,NULL,NULL,'2001-08-20',2,NULL,NULL,NULL,7,19020312,0,NULL),(353,'Nguyễn Duy Cao','19020317@vnu.edu.vn',NULL,'$2y$10$92IXUNpkjO0rOQ5byMi.Ye4oKoEa3Ro9llC/.og/at2.uheWG/igi',NULL,NULL,NULL,NULL,NULL,NULL,NULL,'2001-11-26',2,NULL,NULL,NULL,8,19020317,0,NULL),(354,'Phạm Minh Chiến','19020320@vnu.edu.vn',NULL,'$2y$10$92IXUNpkjO0rOQ5byMi.Ye4oKoEa3Ro9llC/.og/at2.uheWG/igi',NULL,NULL,NULL,NULL,NULL,NULL,NULL,'2001-09-01',2,NULL,NULL,NULL,0,19020320,0,NULL),(355,'Phí Hữu Chính','19020321@vnu.edu.vn',NULL,'$2y$10$92IXUNpkjO0rOQ5byMi.Ye4oKoEa3Ro9llC/.og/at2.uheWG/igi',NULL,NULL,NULL,NULL,NULL,NULL,NULL,'2001-02-13',2,NULL,NULL,NULL,7,19020321,0,NULL),(356,'Vương Văn Chính','19020325@vnu.edu.vn',NULL,'$2y$10$92IXUNpkjO0rOQ5byMi.Ye4oKoEa3Ro9llC/.og/at2.uheWG/igi',NULL,NULL,NULL,NULL,NULL,NULL,NULL,'2001-02-14',2,NULL,NULL,NULL,1,19020325,0,NULL),(357,'Lê Văn Chương','19020329@vnu.edu.vn',NULL,'$2y$10$92IXUNpkjO0rOQ5byMi.Ye4oKoEa3Ro9llC/.og/at2.uheWG/igi',NULL,NULL,NULL,NULL,NULL,NULL,NULL,'2001-02-03',2,NULL,NULL,NULL,7,19020329,0,NULL),(358,'Vũ Mạnh Cường','19020334@vnu.edu.vn',NULL,'$2y$10$92IXUNpkjO0rOQ5byMi.Ye4oKoEa3Ro9llC/.og/at2.uheWG/igi',NULL,NULL,NULL,NULL,NULL,NULL,NULL,'2001-09-26',2,NULL,NULL,'Sinh viên nghèo vượt khó',7,19020334,0,NULL),(359,'Nguyễn Quang Diệu','19020338@vnu.edu.vn',NULL,'$2y$10$92IXUNpkjO0rOQ5byMi.Ye4oKoEa3Ro9llC/.og/at2.uheWG/igi',NULL,NULL,NULL,NULL,NULL,NULL,NULL,'2001-10-01',2,NULL,NULL,NULL,9,19020338,0,NULL),(360,'Nguyễn Đức Dũng','19020342@vnu.edu.vn',NULL,'$2y$10$92IXUNpkjO0rOQ5byMi.Ye4oKoEa3Ro9llC/.og/at2.uheWG/igi',NULL,NULL,NULL,NULL,NULL,NULL,NULL,'2001-08-01',2,NULL,NULL,NULL,0,19020342,0,NULL),(361,'Trần Long Dũng','19020345@vnu.edu.vn',NULL,'$2y$10$92IXUNpkjO0rOQ5byMi.Ye4oKoEa3Ro9llC/.og/at2.uheWG/igi',NULL,NULL,NULL,NULL,NULL,NULL,NULL,'2001-01-02',2,NULL,NULL,NULL,1,19020345,0,NULL),(362,'Chu Đình Duy','19020346@vnu.edu.vn',NULL,'$2y$10$92IXUNpkjO0rOQ5byMi.Ye4oKoEa3Ro9llC/.og/at2.uheWG/igi',NULL,NULL,NULL,NULL,NULL,NULL,NULL,'2001-01-03',2,NULL,NULL,NULL,1,19020346,0,NULL),(363,'Phạm Minh Duy','19020347@vnu.edu.vn',NULL,'$2y$10$92IXUNpkjO0rOQ5byMi.Ye4oKoEa3Ro9llC/.og/at2.uheWG/igi',NULL,NULL,NULL,NULL,NULL,NULL,NULL,'2001-12-03',2,NULL,NULL,NULL,8,19020347,0,NULL),(364,'Đoàn Văn Dự','19020352@vnu.edu.vn',NULL,'$2y$10$92IXUNpkjO0rOQ5byMi.Ye4oKoEa3Ro9llC/.og/at2.uheWG/igi',NULL,NULL,NULL,NULL,NULL,NULL,NULL,'2001-01-07',2,NULL,NULL,'Sinh viên nghèo vượt khó',2,19020352,0,NULL),(365,'Đỗ Đình Đạt','19020353@vnu.edu.vn',NULL,'$2y$10$92IXUNpkjO0rOQ5byMi.Ye4oKoEa3Ro9llC/.og/at2.uheWG/igi',NULL,NULL,NULL,NULL,NULL,NULL,NULL,'2001-11-02',2,NULL,NULL,NULL,4,19020353,0,NULL),(366,'Vi Tiến Đạt','19020358@vnu.edu.vn',NULL,'$2y$10$92IXUNpkjO0rOQ5byMi.Ye4oKoEa3Ro9llC/.og/at2.uheWG/igi',NULL,NULL,NULL,NULL,NULL,NULL,NULL,'2000-03-07',2,NULL,NULL,NULL,6,19020358,0,NULL),(367,'Bùi Xuân Định','19020364@vnu.edu.vn',NULL,'$2y$10$92IXUNpkjO0rOQ5byMi.Ye4oKoEa3Ro9llC/.og/at2.uheWG/igi',NULL,NULL,NULL,NULL,NULL,NULL,NULL,'2001-01-07',2,NULL,NULL,NULL,4,19020364,0,NULL),(368,'Phạm Tiến Đoàn','19020371@vnu.edu.vn',NULL,'$2y$10$92IXUNpkjO0rOQ5byMi.Ye4oKoEa3Ro9llC/.og/at2.uheWG/igi',NULL,NULL,NULL,NULL,NULL,NULL,NULL,'2001-10-22',2,NULL,NULL,NULL,2,19020371,0,NULL),(369,'Hoàng Gia Anh Đức','19020373@vnu.edu.vn',NULL,'$2y$10$92IXUNpkjO0rOQ5byMi.Ye4oKoEa3Ro9llC/.og/at2.uheWG/igi',NULL,NULL,NULL,NULL,NULL,NULL,NULL,'2001-10-28',2,NULL,NULL,NULL,2,19020373,0,NULL),(370,'Nguyễn Minh Đức','19020375@vnu.edu.vn',NULL,'$2y$10$92IXUNpkjO0rOQ5byMi.Ye4oKoEa3Ro9llC/.og/at2.uheWG/igi',NULL,NULL,NULL,NULL,NULL,NULL,NULL,'2001-04-02',2,NULL,NULL,NULL,0,19020375,0,NULL),(371,'Hoàng Đức Giang','19020376@vnu.edu.vn',NULL,'$2y$10$92IXUNpkjO0rOQ5byMi.Ye4oKoEa3Ro9llC/.og/at2.uheWG/igi',NULL,NULL,NULL,NULL,NULL,NULL,NULL,'2001-04-25',2,NULL,NULL,'Sinh viên nghèo vượt khó',2,19020376,0,NULL),(372,'Cao Thanh Hải','19020377@vnu.edu.vn',NULL,'$2y$10$92IXUNpkjO0rOQ5byMi.Ye4oKoEa3Ro9llC/.og/at2.uheWG/igi',NULL,NULL,NULL,NULL,NULL,NULL,NULL,'2001-09-18',2,NULL,NULL,NULL,6,19020377,0,NULL),(373,'Nguyễn Văn Hải','19020378@vnu.edu.vn',NULL,'$2y$10$92IXUNpkjO0rOQ5byMi.Ye4oKoEa3Ro9llC/.og/at2.uheWG/igi',NULL,NULL,NULL,NULL,NULL,NULL,NULL,'2001-05-26',2,NULL,NULL,NULL,1,19020378,0,NULL),(374,'Nguyễn Thị Hằng','19020388@vnu.edu.vn',NULL,'$2y$10$92IXUNpkjO0rOQ5byMi.Ye4oKoEa3Ro9llC/.og/at2.uheWG/igi',NULL,NULL,NULL,NULL,NULL,NULL,NULL,'2001-10-08',2,NULL,NULL,NULL,7,19020388,0,NULL),(375,'Lưu Tiến Hiệp','19020393@vnu.edu.vn',NULL,'$2y$10$92IXUNpkjO0rOQ5byMi.Ye4oKoEa3Ro9llC/.og/at2.uheWG/igi',NULL,NULL,NULL,NULL,NULL,NULL,NULL,'2001-04-18',2,NULL,NULL,NULL,4,19020393,0,NULL),(376,'Nguyễn Bá Hiệp','19020399@vnu.edu.vn',NULL,'$2y$10$92IXUNpkjO0rOQ5byMi.Ye4oKoEa3Ro9llC/.og/at2.uheWG/igi',NULL,NULL,NULL,NULL,NULL,NULL,NULL,'2001-01-30',2,NULL,NULL,NULL,2,19020399,0,NULL),(377,'Đào Quang Hiếu','19020400@vnu.edu.vn',NULL,'$2y$10$92IXUNpkjO0rOQ5byMi.Ye4oKoEa3Ro9llC/.og/at2.uheWG/igi',NULL,NULL,NULL,NULL,NULL,NULL,NULL,'2001-11-25',2,NULL,NULL,NULL,1,19020400,0,NULL),(378,'Đặng Minh Hiếu','19020403@vnu.edu.vn',NULL,'$2y$10$92IXUNpkjO0rOQ5byMi.Ye4oKoEa3Ro9llC/.og/at2.uheWG/igi',NULL,NULL,NULL,NULL,NULL,NULL,NULL,'2001-01-31',2,NULL,NULL,NULL,6,19020403,0,NULL),(379,'Đỗ Minh Hiếu','19020404@vnu.edu.vn',NULL,'$2y$10$92IXUNpkjO0rOQ5byMi.Ye4oKoEa3Ro9llC/.og/at2.uheWG/igi',NULL,NULL,NULL,NULL,NULL,NULL,NULL,'2001-01-10',2,NULL,NULL,NULL,9,19020404,0,NULL),(380,'Đỗ Minh Hiếu','19020405@vnu.edu.vn',NULL,'$2y$10$92IXUNpkjO0rOQ5byMi.Ye4oKoEa3Ro9llC/.og/at2.uheWG/igi',NULL,NULL,NULL,NULL,NULL,NULL,NULL,'2001-10-18',2,NULL,NULL,'Sinh viên nghèo vượt khó',4,19020405,0,NULL),(381,'Nguyễn Trung Hiếu','19020407@vnu.edu.vn',NULL,'$2y$10$92IXUNpkjO0rOQ5byMi.Ye4oKoEa3Ro9llC/.og/at2.uheWG/igi',NULL,NULL,NULL,NULL,NULL,NULL,NULL,'2001-09-14',2,NULL,NULL,NULL,3,19020407,0,NULL),(382,'Phạm Trung Hiếu','19020411@vnu.edu.vn',NULL,'$2y$10$92IXUNpkjO0rOQ5byMi.Ye4oKoEa3Ro9llC/.og/at2.uheWG/igi',NULL,NULL,NULL,NULL,NULL,NULL,NULL,'2001-12-18',2,NULL,NULL,NULL,8,19020411,0,NULL),(383,'Nguyễn Việt Hòa','19020412@vnu.edu.vn',NULL,'$2y$10$92IXUNpkjO0rOQ5byMi.Ye4oKoEa3Ro9llC/.og/at2.uheWG/igi',NULL,NULL,NULL,NULL,NULL,NULL,NULL,'2001-01-02',2,NULL,NULL,NULL,6,19020412,0,NULL),(384,'Nguyễn Việt Hoàn','19020416@vnu.edu.vn',NULL,'$2y$10$92IXUNpkjO0rOQ5byMi.Ye4oKoEa3Ro9llC/.og/at2.uheWG/igi',NULL,NULL,NULL,NULL,NULL,NULL,NULL,'2001-01-26',2,NULL,NULL,NULL,5,19020416,0,NULL),(385,'Đinh Phú Hoàng','19020418@vnu.edu.vn',NULL,'$2y$10$92IXUNpkjO0rOQ5byMi.Ye4oKoEa3Ro9llC/.og/at2.uheWG/igi',NULL,NULL,NULL,NULL,NULL,NULL,NULL,'2001-10-16',2,NULL,NULL,NULL,6,19020418,0,NULL),(386,'Lưu Việt Hoàng','19020424@vnu.edu.vn',NULL,'$2y$10$92IXUNpkjO0rOQ5byMi.Ye4oKoEa3Ro9llC/.og/at2.uheWG/igi',NULL,NULL,NULL,NULL,NULL,NULL,NULL,'2001-07-08',2,NULL,NULL,NULL,5,19020424,0,NULL),(387,'Nguyễn Đức Hoàng','19020429@vnu.edu.vn',NULL,'$2y$10$92IXUNpkjO0rOQ5byMi.Ye4oKoEa3Ro9llC/.og/at2.uheWG/igi',NULL,NULL,NULL,NULL,NULL,NULL,NULL,'2001-06-19',2,NULL,NULL,NULL,5,19020429,0,NULL),(388,'Phạm Minh Hoàng','19020435@vnu.edu.vn',NULL,'$2y$10$92IXUNpkjO0rOQ5byMi.Ye4oKoEa3Ro9llC/.og/at2.uheWG/igi',NULL,NULL,NULL,NULL,NULL,NULL,NULL,'2001-11-17',2,NULL,NULL,NULL,8,19020435,0,NULL),(389,'Hạp Tiến Hoạt','19020438@vnu.edu.vn',NULL,'$2y$10$92IXUNpkjO0rOQ5byMi.Ye4oKoEa3Ro9llC/.og/at2.uheWG/igi',NULL,NULL,NULL,NULL,NULL,NULL,NULL,'2001-09-05',2,NULL,NULL,NULL,4,19020438,0,NULL),(390,'Đỗ Quang Huy','19020441@vnu.edu.vn',NULL,'$2y$10$92IXUNpkjO0rOQ5byMi.Ye4oKoEa3Ro9llC/.og/at2.uheWG/igi',NULL,NULL,NULL,NULL,NULL,NULL,NULL,'2001-04-13',2,NULL,NULL,NULL,6,19020441,0,NULL),(391,'Nguyễn Đình Huy','19020442@vnu.edu.vn',NULL,'$2y$10$92IXUNpkjO0rOQ5byMi.Ye4oKoEa3Ro9llC/.og/at2.uheWG/igi',NULL,NULL,NULL,NULL,NULL,NULL,NULL,'2001-09-12',2,NULL,NULL,NULL,3,19020442,0,NULL),(392,'Nguyễn Quang Huy','19020443@vnu.edu.vn',NULL,'$2y$10$92IXUNpkjO0rOQ5byMi.Ye4oKoEa3Ro9llC/.og/at2.uheWG/igi',NULL,NULL,NULL,NULL,NULL,NULL,NULL,'2001-11-04',2,NULL,NULL,NULL,2,19020443,0,NULL),(393,'Trần Quang Huy','19020445@vnu.edu.vn',NULL,'$2y$10$92IXUNpkjO0rOQ5byMi.Ye4oKoEa3Ro9llC/.og/at2.uheWG/igi',NULL,NULL,NULL,NULL,NULL,NULL,NULL,'2001-02-06',2,NULL,NULL,NULL,8,19020445,0,NULL),(394,'Đỗ Quang Huynh','19020451@vnu.edu.vn',NULL,'$2y$10$92IXUNpkjO0rOQ5byMi.Ye4oKoEa3Ro9llC/.og/at2.uheWG/igi',NULL,NULL,NULL,NULL,NULL,NULL,NULL,'2001-11-29',2,NULL,NULL,'Sinh viên nghèo vượt khó',3,19020451,0,NULL),(395,'Vũ Thị Thanh Hương','19020452@vnu.edu.vn',NULL,'$2y$10$92IXUNpkjO0rOQ5byMi.Ye4oKoEa3Ro9llC/.og/at2.uheWG/igi',NULL,NULL,NULL,NULL,NULL,NULL,NULL,'2001-09-09',2,NULL,NULL,NULL,3,19020452,0,NULL),(396,'Nguyễn Thị Hường','19020456@vnu.edu.vn',NULL,'$2y$10$92IXUNpkjO0rOQ5byMi.Ye4oKoEa3Ro9llC/.og/at2.uheWG/igi',NULL,NULL,NULL,NULL,NULL,NULL,NULL,'2001-02-21',2,NULL,NULL,NULL,8,19020456,0,NULL),(397,'Đặng Tiến Khánh','19020457@vnu.edu.vn',NULL,'$2y$10$92IXUNpkjO0rOQ5byMi.Ye4oKoEa3Ro9llC/.og/at2.uheWG/igi',NULL,NULL,NULL,NULL,NULL,NULL,NULL,'2001-07-16',2,NULL,NULL,NULL,7,19020457,0,NULL),(398,'Nguyễn Quốc Khánh','19020460@vnu.edu.vn',NULL,'$2y$10$92IXUNpkjO0rOQ5byMi.Ye4oKoEa3Ro9llC/.og/at2.uheWG/igi',NULL,NULL,NULL,NULL,NULL,NULL,NULL,'2001-09-02',2,NULL,NULL,NULL,4,19020460,0,NULL),(399,'Phạm Quang Khánh','19020470@vnu.edu.vn',NULL,'$2y$10$92IXUNpkjO0rOQ5byMi.Ye4oKoEa3Ro9llC/.og/at2.uheWG/igi',NULL,NULL,NULL,NULL,NULL,NULL,NULL,'2001-10-20',2,NULL,NULL,NULL,2,19020470,0,NULL),(400,'Đặng Trung Kiên','19020475@vnu.edu.vn',NULL,'$2y$10$92IXUNpkjO0rOQ5byMi.Ye4oKoEa3Ro9llC/.og/at2.uheWG/igi',NULL,NULL,NULL,NULL,NULL,NULL,NULL,'2001-02-18',2,NULL,NULL,NULL,1,19020475,0,NULL),(401,'Nguyễn Hữu Kiên','19020481@vnu.edu.vn',NULL,'$2y$10$92IXUNpkjO0rOQ5byMi.Ye4oKoEa3Ro9llC/.og/at2.uheWG/igi',NULL,NULL,NULL,NULL,NULL,NULL,NULL,'2001-10-15',2,NULL,NULL,NULL,2,19020481,0,NULL),(402,'Lữ Thị Thùy Linh','19020483@vnu.edu.vn',NULL,'$2y$10$92IXUNpkjO0rOQ5byMi.Ye4oKoEa3Ro9llC/.og/at2.uheWG/igi',NULL,NULL,NULL,NULL,NULL,NULL,NULL,'2000-11-08',2,NULL,NULL,NULL,4,19020483,0,NULL),(403,'Đoàn Lê Bảo Long','19020486@vnu.edu.vn',NULL,'$2y$10$92IXUNpkjO0rOQ5byMi.Ye4oKoEa3Ro9llC/.og/at2.uheWG/igi',NULL,NULL,NULL,NULL,NULL,NULL,NULL,'2001-02-19',2,NULL,NULL,NULL,8,19020486,0,NULL),(404,'Lương Hải Long','19020489@vnu.edu.vn',NULL,'$2y$10$92IXUNpkjO0rOQ5byMi.Ye4oKoEa3Ro9llC/.og/at2.uheWG/igi',NULL,NULL,NULL,NULL,NULL,NULL,NULL,'2001-04-07',2,NULL,NULL,NULL,4,19020489,0,NULL),(405,'Trương Việt Anh','19021207@vnu.edu.vn',NULL,'$2y$10$92IXUNpkjO0rOQ5byMi.Ye4oKoEa3Ro9llC/.og/at2.uheWG/igi',NULL,NULL,NULL,NULL,NULL,NULL,NULL,'1999-11-26',2,NULL,NULL,NULL,4,19021207,0,NULL),(406,'Vũ Ngọc Ánh','19021210@vnu.edu.vn',NULL,'$2y$10$92IXUNpkjO0rOQ5byMi.Ye4oKoEa3Ro9llC/.og/at2.uheWG/igi',NULL,NULL,NULL,NULL,NULL,NULL,NULL,'1999-10-15',2,NULL,NULL,NULL,9,19021210,0,NULL),(407,'Ngụy Mạnh Chung','19021211@vnu.edu.vn',NULL,'$2y$10$92IXUNpkjO0rOQ5byMi.Ye4oKoEa3Ro9llC/.og/at2.uheWG/igi',NULL,NULL,NULL,NULL,NULL,NULL,NULL,'1999-10-07',2,NULL,NULL,NULL,5,19021211,0,NULL),(408,'Đoàn Đình Dũng','19021212@vnu.edu.vn',NULL,'$2y$10$92IXUNpkjO0rOQ5byMi.Ye4oKoEa3Ro9llC/.og/at2.uheWG/igi',NULL,NULL,NULL,NULL,NULL,NULL,NULL,'1999-04-17',2,NULL,NULL,NULL,9,19021212,0,NULL),(409,'Đỗ Xuân Dũng','19021214@vnu.edu.vn',NULL,'$2y$10$92IXUNpkjO0rOQ5byMi.Ye4oKoEa3Ro9llC/.og/at2.uheWG/igi',NULL,NULL,NULL,NULL,NULL,NULL,NULL,'1999-02-19',2,NULL,NULL,NULL,4,19021214,0,NULL),(410,'Bùi Nguyễn Minh Dương','19021215@vnu.edu.vn',NULL,'$2y$10$92IXUNpkjO0rOQ5byMi.Ye4oKoEa3Ro9llC/.og/at2.uheWG/igi',NULL,NULL,NULL,NULL,NULL,NULL,NULL,'1999-11-26',2,NULL,NULL,NULL,7,19021215,0,NULL),(411,'Nguyễn Văn Dương','19021216@vnu.edu.vn',NULL,'$2y$10$92IXUNpkjO0rOQ5byMi.Ye4oKoEa3Ro9llC/.og/at2.uheWG/igi',NULL,NULL,NULL,NULL,NULL,NULL,NULL,'1999-04-24',2,NULL,NULL,NULL,2,19021216,0,NULL),(412,'Nguyễn Thành Đạt','19021218@vnu.edu.vn',NULL,'$2y$10$92IXUNpkjO0rOQ5byMi.Ye4oKoEa3Ro9llC/.og/at2.uheWG/igi',NULL,NULL,NULL,NULL,NULL,NULL,NULL,'1999-10-17',2,NULL,NULL,NULL,7,19021218,0,NULL),(413,'Trần Tiến Đạt','19021219@vnu.edu.vn',NULL,'$2y$10$92IXUNpkjO0rOQ5byMi.Ye4oKoEa3Ro9llC/.og/at2.uheWG/igi',NULL,NULL,NULL,NULL,NULL,NULL,NULL,'1999-07-17',2,NULL,NULL,NULL,3,19021219,0,NULL),(414,'Nguyễn Minh Đức','19021222@vnu.edu.vn',NULL,'$2y$10$92IXUNpkjO0rOQ5byMi.Ye4oKoEa3Ro9llC/.og/at2.uheWG/igi',NULL,NULL,NULL,NULL,NULL,NULL,NULL,'1999-03-09',2,NULL,NULL,NULL,1,19021222,0,NULL),(415,'Nguyễn Bá Hiệp','19021224@vnu.edu.vn',NULL,'$2y$10$92IXUNpkjO0rOQ5byMi.Ye4oKoEa3Ro9llC/.og/at2.uheWG/igi',NULL,NULL,NULL,NULL,NULL,NULL,NULL,'1999-10-31',2,NULL,NULL,NULL,6,19021224,0,NULL),(416,'Bùi Chí Hiếu','19021225@vnu.edu.vn',NULL,'$2y$10$92IXUNpkjO0rOQ5byMi.Ye4oKoEa3Ro9llC/.og/at2.uheWG/igi',NULL,NULL,NULL,NULL,NULL,NULL,NULL,'1999-02-13',2,NULL,NULL,'Sinh viên nghèo vượt khó',7,19021225,0,NULL),(417,'Nguyễn Danh Hiếu','19021226@vnu.edu.vn',NULL,'$2y$10$92IXUNpkjO0rOQ5byMi.Ye4oKoEa3Ro9llC/.og/at2.uheWG/igi',NULL,NULL,NULL,NULL,NULL,NULL,NULL,'1999-08-07',2,NULL,NULL,NULL,5,19021226,0,NULL),(418,'Phan Huy Hoàng','19021227@vnu.edu.vn',NULL,'$2y$10$92IXUNpkjO0rOQ5byMi.Ye4oKoEa3Ro9llC/.og/at2.uheWG/igi',NULL,NULL,NULL,NULL,NULL,NULL,NULL,'1999-04-13',2,NULL,NULL,NULL,9,19021227,0,NULL),(419,'Lê Viết Hoành','19021229@vnu.edu.vn',NULL,'$2y$10$92IXUNpkjO0rOQ5byMi.Ye4oKoEa3Ro9llC/.og/at2.uheWG/igi',NULL,NULL,NULL,NULL,NULL,NULL,NULL,'1999-04-26',2,NULL,NULL,NULL,2,19021229,0,NULL),(420,'Hoàng Việt Hùng','19021230@vnu.edu.vn',NULL,'$2y$10$92IXUNpkjO0rOQ5byMi.Ye4oKoEa3Ro9llC/.og/at2.uheWG/igi',NULL,NULL,NULL,NULL,NULL,NULL,NULL,'1998-10-23',2,NULL,NULL,NULL,5,19021230,0,NULL),(421,'Nguyễn Quang Hùng','19021231@vnu.edu.vn',NULL,'$2y$10$92IXUNpkjO0rOQ5byMi.Ye4oKoEa3Ro9llC/.og/at2.uheWG/igi',NULL,NULL,NULL,NULL,NULL,NULL,NULL,'1999-01-01',2,NULL,NULL,NULL,9,19021231,0,NULL),(422,'Phạm Quốc Huy','19021233@vnu.edu.vn',NULL,'$2y$10$92IXUNpkjO0rOQ5byMi.Ye4oKoEa3Ro9llC/.og/at2.uheWG/igi',NULL,NULL,NULL,NULL,NULL,NULL,NULL,'1999-12-28',2,NULL,NULL,NULL,2,19021233,0,NULL),(423,'Trần Văn Huy','19021236@vnu.edu.vn',NULL,'$2y$10$92IXUNpkjO0rOQ5byMi.Ye4oKoEa3Ro9llC/.og/at2.uheWG/igi',NULL,NULL,NULL,NULL,NULL,NULL,NULL,'1999-07-12',2,NULL,NULL,NULL,9,19021236,0,NULL),(424,'Nguyễn Đức Huynh','19021238@vnu.edu.vn',NULL,'$2y$10$92IXUNpkjO0rOQ5byMi.Ye4oKoEa3Ro9llC/.og/at2.uheWG/igi',NULL,NULL,NULL,NULL,NULL,NULL,NULL,'1999-08-29',2,NULL,NULL,NULL,0,19021238,0,NULL),(425,'Đặng Nhật Linh','19021240@vnu.edu.vn',NULL,'$2y$10$92IXUNpkjO0rOQ5byMi.Ye4oKoEa3Ro9llC/.og/at2.uheWG/igi',NULL,NULL,NULL,NULL,NULL,NULL,NULL,'1999-07-06',2,NULL,NULL,NULL,4,19021240,0,NULL),(426,'Vũ Thị Mây','19021241@vnu.edu.vn',NULL,'$2y$10$92IXUNpkjO0rOQ5byMi.Ye4oKoEa3Ro9llC/.og/at2.uheWG/igi',NULL,NULL,NULL,NULL,NULL,NULL,NULL,'1999-05-29',2,NULL,NULL,NULL,1,19021241,0,NULL),(427,'Nguyễn Văn Minh','19021244@vnu.edu.vn',NULL,'$2y$10$92IXUNpkjO0rOQ5byMi.Ye4oKoEa3Ro9llC/.og/at2.uheWG/igi',NULL,NULL,NULL,NULL,NULL,NULL,NULL,'1999-12-10',2,NULL,NULL,NULL,8,19021244,0,NULL),(428,'Nguyễn Minh Nghĩa','19021245@vnu.edu.vn',NULL,'$2y$10$92IXUNpkjO0rOQ5byMi.Ye4oKoEa3Ro9llC/.og/at2.uheWG/igi',NULL,NULL,NULL,NULL,NULL,NULL,NULL,'1999-02-03',2,NULL,NULL,NULL,4,19021245,0,NULL),(429,'Lê Văn Nhân','19021248@vnu.edu.vn',NULL,'$2y$10$92IXUNpkjO0rOQ5byMi.Ye4oKoEa3Ro9llC/.og/at2.uheWG/igi',NULL,NULL,NULL,NULL,NULL,NULL,NULL,'1999-10-16',2,NULL,NULL,NULL,0,19021248,0,NULL),(430,'Cao Minh Nhật','19021252@vnu.edu.vn',NULL,'$2y$10$92IXUNpkjO0rOQ5byMi.Ye4oKoEa3Ro9llC/.og/at2.uheWG/igi',NULL,NULL,NULL,NULL,NULL,NULL,NULL,'1999-06-10',2,NULL,NULL,NULL,7,19021252,0,NULL),(431,'Nguyễn Trường Phát','19021256@vnu.edu.vn',NULL,'$2y$10$92IXUNpkjO0rOQ5byMi.Ye4oKoEa3Ro9llC/.og/at2.uheWG/igi',NULL,NULL,NULL,NULL,NULL,NULL,NULL,'1999-07-14',2,NULL,NULL,'Sinh viên nghèo vượt khó',9,19021256,0,NULL),(432,'Chu Đức Phúc','19021263@vnu.edu.vn',NULL,'$2y$10$92IXUNpkjO0rOQ5byMi.Ye4oKoEa3Ro9llC/.og/at2.uheWG/igi',NULL,NULL,NULL,NULL,NULL,NULL,NULL,'1999-04-17',2,NULL,NULL,NULL,1,19021263,0,NULL),(433,'Nguyễn Chí Thành','19021264@vnu.edu.vn',NULL,'$2y$10$92IXUNpkjO0rOQ5byMi.Ye4oKoEa3Ro9llC/.og/at2.uheWG/igi',NULL,NULL,NULL,NULL,NULL,NULL,NULL,'1999-03-11',2,NULL,NULL,NULL,0,19021264,0,NULL),(434,'Phạm Đình Thiện','19021267@vnu.edu.vn',NULL,'$2y$10$92IXUNpkjO0rOQ5byMi.Ye4oKoEa3Ro9llC/.og/at2.uheWG/igi',NULL,NULL,NULL,NULL,NULL,NULL,NULL,'1999-07-19',2,NULL,NULL,NULL,1,19021267,0,NULL),(435,'Nguyễn Thị Thu Thủy','19021269@vnu.edu.vn',NULL,'$2y$10$92IXUNpkjO0rOQ5byMi.Ye4oKoEa3Ro9llC/.og/at2.uheWG/igi',NULL,NULL,NULL,NULL,NULL,NULL,NULL,'1999-09-05',2,NULL,NULL,NULL,7,19021269,0,NULL),(436,'Trần Thị Thuỷ','19021270@vnu.edu.vn',NULL,'$2y$10$92IXUNpkjO0rOQ5byMi.Ye4oKoEa3Ro9llC/.og/at2.uheWG/igi',NULL,NULL,NULL,NULL,NULL,NULL,NULL,'1999-03-07',2,NULL,NULL,NULL,7,19021270,0,NULL),(437,'Trần Thị Thu Trang','19021271@vnu.edu.vn',NULL,'$2y$10$92IXUNpkjO0rOQ5byMi.Ye4oKoEa3Ro9llC/.og/at2.uheWG/igi',NULL,NULL,NULL,NULL,NULL,NULL,NULL,'1999-05-13',2,NULL,NULL,NULL,9,19021271,0,NULL),(438,'Lê Thanh Tùng','19021272@vnu.edu.vn',NULL,'$2y$10$92IXUNpkjO0rOQ5byMi.Ye4oKoEa3Ro9llC/.og/at2.uheWG/igi',NULL,NULL,NULL,NULL,NULL,NULL,NULL,'1999-06-09',2,NULL,NULL,NULL,9,19021272,0,NULL),(439,'Nguyễn Đức Anh','19021273@vnu.edu.vn',NULL,'$2y$10$92IXUNpkjO0rOQ5byMi.Ye4oKoEa3Ro9llC/.og/at2.uheWG/igi',NULL,NULL,NULL,NULL,NULL,NULL,NULL,'1998-11-07',2,NULL,NULL,NULL,9,19021273,0,NULL),(440,'Vũ Ngọc Ánh','19021274@vnu.edu.vn',NULL,'$2y$10$92IXUNpkjO0rOQ5byMi.Ye4oKoEa3Ro9llC/.og/at2.uheWG/igi',NULL,NULL,NULL,NULL,NULL,NULL,NULL,'1999-10-15',2,NULL,NULL,NULL,1,19021274,0,NULL),(441,'Mai Duy Dương','19021275@vnu.edu.vn',NULL,'$2y$10$92IXUNpkjO0rOQ5byMi.Ye4oKoEa3Ro9llC/.og/at2.uheWG/igi',NULL,NULL,NULL,NULL,NULL,NULL,NULL,'1999-09-13',2,NULL,NULL,NULL,6,19021275,0,NULL),(442,'Đào Trọng Đạt','19021281@vnu.edu.vn',NULL,'$2y$10$92IXUNpkjO0rOQ5byMi.Ye4oKoEa3Ro9llC/.og/at2.uheWG/igi',NULL,NULL,NULL,NULL,NULL,NULL,NULL,'1999-03-16',2,NULL,NULL,NULL,7,19021281,0,NULL),(443,'Cao Quý Đăng','19021282@vnu.edu.vn',NULL,'$2y$10$92IXUNpkjO0rOQ5byMi.Ye4oKoEa3Ro9llC/.og/at2.uheWG/igi',NULL,NULL,NULL,NULL,NULL,NULL,NULL,'1999-01-17',2,NULL,NULL,'Sinh viên nghèo vượt khó',3,19021282,0,NULL),(444,'Nguyễn Đình Hải','19021283@vnu.edu.vn',NULL,'$2y$10$92IXUNpkjO0rOQ5byMi.Ye4oKoEa3Ro9llC/.og/at2.uheWG/igi',NULL,NULL,NULL,NULL,NULL,NULL,NULL,'1999-05-01',2,NULL,NULL,NULL,2,19021283,0,NULL),(445,'Nguyễn Thị Hồng Hạnh','19021285@vnu.edu.vn',NULL,'$2y$10$92IXUNpkjO0rOQ5byMi.Ye4oKoEa3Ro9llC/.og/at2.uheWG/igi',NULL,NULL,NULL,NULL,NULL,NULL,NULL,'1999-02-01',2,NULL,NULL,NULL,5,19021285,0,NULL),(446,'Nguyễn Trung Hiếu','19021286@vnu.edu.vn',NULL,'$2y$10$92IXUNpkjO0rOQ5byMi.Ye4oKoEa3Ro9llC/.og/at2.uheWG/igi',NULL,NULL,NULL,NULL,NULL,NULL,NULL,'1999-11-05',2,NULL,NULL,NULL,2,19021286,0,NULL),(447,'Phạm Duy Hoàng','19021288@vnu.edu.vn',NULL,'$2y$10$92IXUNpkjO0rOQ5byMi.Ye4oKoEa3Ro9llC/.og/at2.uheWG/igi',NULL,NULL,NULL,NULL,NULL,NULL,NULL,'1999-08-07',2,NULL,NULL,NULL,7,19021288,0,NULL),(448,'Phạm Nhật Hưng','19021298@vnu.edu.vn',NULL,'$2y$10$92IXUNpkjO0rOQ5byMi.Ye4oKoEa3Ro9llC/.og/at2.uheWG/igi',NULL,NULL,NULL,NULL,NULL,NULL,NULL,'1999-12-22',2,NULL,NULL,NULL,4,19021298,0,NULL),(449,'Trần Văn Khải','19021300@vnu.edu.vn',NULL,'$2y$10$92IXUNpkjO0rOQ5byMi.Ye4oKoEa3Ro9llC/.og/at2.uheWG/igi',NULL,NULL,NULL,NULL,NULL,NULL,NULL,'1999-07-21',2,NULL,NULL,NULL,8,19021300,0,NULL),(450,'Vũ Văn Lâm','19021305@vnu.edu.vn',NULL,'$2y$10$92IXUNpkjO0rOQ5byMi.Ye4oKoEa3Ro9llC/.og/at2.uheWG/igi',NULL,NULL,NULL,NULL,NULL,NULL,NULL,'1999-01-09',2,NULL,NULL,NULL,8,19021305,0,NULL),(451,'Phạm Công Sơn','19021306@vnu.edu.vn',NULL,'$2y$10$92IXUNpkjO0rOQ5byMi.Ye4oKoEa3Ro9llC/.og/at2.uheWG/igi',NULL,NULL,NULL,NULL,NULL,NULL,NULL,'1999-01-12',2,NULL,NULL,NULL,1,19021306,0,NULL),(452,'Ngô Xuân Thắng','19021307@vnu.edu.vn',NULL,'$2y$10$92IXUNpkjO0rOQ5byMi.Ye4oKoEa3Ro9llC/.og/at2.uheWG/igi',NULL,NULL,NULL,NULL,NULL,NULL,NULL,'1999-06-28',2,NULL,NULL,NULL,8,19021307,0,NULL),(453,'Nguyễn Mạnh Thắng','19021308@vnu.edu.vn',NULL,'$2y$10$92IXUNpkjO0rOQ5byMi.Ye4oKoEa3Ro9llC/.og/at2.uheWG/igi',NULL,NULL,NULL,NULL,NULL,NULL,NULL,'1999-07-07',2,NULL,NULL,NULL,1,19021308,0,NULL),(454,'Nguyễn Thị Minh Trang','19021311@vnu.edu.vn',NULL,'$2y$10$92IXUNpkjO0rOQ5byMi.Ye4oKoEa3Ro9llC/.og/at2.uheWG/igi',NULL,NULL,NULL,NULL,NULL,NULL,NULL,'1999-06-05',2,NULL,NULL,NULL,8,19021311,0,NULL),(455,'Trần Văn Tú','19021313@vnu.edu.vn',NULL,'$2y$10$92IXUNpkjO0rOQ5byMi.Ye4oKoEa3Ro9llC/.og/at2.uheWG/igi',NULL,NULL,NULL,NULL,NULL,NULL,NULL,'1999-06-16',2,NULL,NULL,'Sinh viên nghèo vượt khó',7,19021313,0,NULL),(456,'Lê Thành Vinh','19021315@vnu.edu.vn',NULL,'$2y$10$92IXUNpkjO0rOQ5byMi.Ye4oKoEa3Ro9llC/.og/at2.uheWG/igi',NULL,NULL,NULL,NULL,NULL,NULL,NULL,'1999-08-09',2,NULL,NULL,NULL,1,19021315,0,NULL),(457,'Nguyễn Xuân Xá','19021318@vnu.edu.vn',NULL,'$2y$10$92IXUNpkjO0rOQ5byMi.Ye4oKoEa3Ro9llC/.og/at2.uheWG/igi',NULL,NULL,NULL,NULL,NULL,NULL,NULL,'1999-08-12',2,NULL,NULL,NULL,0,19021318,0,NULL),(458,'Nguyễn Hoàng Anh','19021319@vnu.edu.vn',NULL,'$2y$10$92IXUNpkjO0rOQ5byMi.Ye4oKoEa3Ro9llC/.og/at2.uheWG/igi',NULL,NULL,NULL,NULL,NULL,NULL,NULL,'1999-09-08',2,NULL,NULL,NULL,0,19021319,0,NULL),(459,'Nguyễn Hữu Nam Anh','19021320@vnu.edu.vn',NULL,'$2y$10$92IXUNpkjO0rOQ5byMi.Ye4oKoEa3Ro9llC/.og/at2.uheWG/igi',NULL,NULL,NULL,NULL,NULL,NULL,NULL,'1999-01-24',2,NULL,NULL,NULL,7,19021320,0,NULL),(460,'Trần Việt Bảo','19021322@vnu.edu.vn',NULL,'$2y$10$92IXUNpkjO0rOQ5byMi.Ye4oKoEa3Ro9llC/.og/at2.uheWG/igi',NULL,NULL,NULL,NULL,NULL,NULL,NULL,'1999-06-19',2,NULL,NULL,NULL,6,19021322,0,NULL),(461,'Lê Cảnh Duy','19021324@vnu.edu.vn',NULL,'$2y$10$92IXUNpkjO0rOQ5byMi.Ye4oKoEa3Ro9llC/.og/at2.uheWG/igi',NULL,NULL,NULL,NULL,NULL,NULL,NULL,'1997-08-13',2,NULL,NULL,NULL,1,19021324,0,NULL),(462,'Nguyễn Đình Đại','19021326@vnu.edu.vn',NULL,'$2y$10$92IXUNpkjO0rOQ5byMi.Ye4oKoEa3Ro9llC/.og/at2.uheWG/igi',NULL,NULL,NULL,NULL,NULL,NULL,NULL,'1999-12-10',2,NULL,NULL,NULL,0,19021326,0,NULL),(463,'Nguyễn Mạnh Hiếu','19021328@vnu.edu.vn',NULL,'$2y$10$92IXUNpkjO0rOQ5byMi.Ye4oKoEa3Ro9llC/.og/at2.uheWG/igi',NULL,NULL,NULL,NULL,NULL,NULL,NULL,'1999-09-05',2,NULL,NULL,NULL,5,19021328,0,NULL),(464,'Nguyễn Kiều Hưng','19021354@vnu.edu.vn',NULL,'$2y$10$92IXUNpkjO0rOQ5byMi.Ye4oKoEa3Ro9llC/.og/at2.uheWG/igi',NULL,NULL,NULL,NULL,NULL,NULL,NULL,'1999-01-08',2,NULL,NULL,NULL,2,19021354,0,NULL),(465,'Phạm Nhật Hưng','19021364@vnu.edu.vn',NULL,'$2y$10$92IXUNpkjO0rOQ5byMi.Ye4oKoEa3Ro9llC/.og/at2.uheWG/igi',NULL,NULL,NULL,NULL,NULL,NULL,NULL,'1999-12-22',2,NULL,NULL,NULL,4,19021364,0,NULL),(466,'Lê Trung Kiên','19021372@vnu.edu.vn',NULL,'$2y$10$92IXUNpkjO0rOQ5byMi.Ye4oKoEa3Ro9llC/.og/at2.uheWG/igi',NULL,NULL,NULL,NULL,NULL,NULL,NULL,'1999-11-11',2,NULL,NULL,NULL,1,19021372,0,NULL),(467,'Nguyễn Thị Lê','19021373@vnu.edu.vn',NULL,'$2y$10$92IXUNpkjO0rOQ5byMi.Ye4oKoEa3Ro9llC/.og/at2.uheWG/igi',NULL,NULL,NULL,NULL,NULL,NULL,NULL,'1999-02-26',2,NULL,NULL,NULL,2,19021373,0,NULL),(468,'Nguyễn Đắc Long','19021377@vnu.edu.vn',NULL,'$2y$10$92IXUNpkjO0rOQ5byMi.Ye4oKoEa3Ro9llC/.og/at2.uheWG/igi',NULL,NULL,NULL,NULL,NULL,NULL,NULL,'1999-09-13',2,NULL,NULL,'Sinh viên nghèo vượt khó',6,19021377,0,NULL),(469,'Trần Đào Mạnh','19021381@vnu.edu.vn',NULL,'$2y$10$92IXUNpkjO0rOQ5byMi.Ye4oKoEa3Ro9llC/.og/at2.uheWG/igi',NULL,NULL,NULL,NULL,NULL,NULL,NULL,'1999-11-19',2,NULL,NULL,NULL,4,19021381,0,NULL),(470,'Lê Sỹ Minh','19021384@vnu.edu.vn',NULL,'$2y$10$92IXUNpkjO0rOQ5byMi.Ye4oKoEa3Ro9llC/.og/at2.uheWG/igi',NULL,NULL,NULL,NULL,NULL,NULL,NULL,'1999-04-26',2,NULL,NULL,NULL,4,19021384,0,NULL),(471,'Trần Tuấn Minh','19021395@vnu.edu.vn',NULL,'$2y$10$92IXUNpkjO0rOQ5byMi.Ye4oKoEa3Ro9llC/.og/at2.uheWG/igi',NULL,NULL,NULL,NULL,NULL,NULL,NULL,'1999-03-22',2,NULL,NULL,NULL,2,19021395,0,NULL);
/*!40000 ALTER TABLE `users` ENABLE KEYS */;
UNLOCK TABLES;
/*!40103 SET TIME_ZONE=@OLD_TIME_ZONE */;

/*!40101 SET SQL_MODE=@OLD_SQL_MODE */;
/*!40014 SET FOREIGN_KEY_CHECKS=@OLD_FOREIGN_KEY_CHECKS */;
/*!40014 SET UNIQUE_CHECKS=@OLD_UNIQUE_CHECKS */;
/*!40101 SET CHARACTER_SET_CLIENT=@OLD_CHARACTER_SET_CLIENT */;
/*!40101 SET CHARACTER_SET_RESULTS=@OLD_CHARACTER_SET_RESULTS */;
/*!40101 SET COLLATION_CONNECTION=@OLD_COLLATION_CONNECTION */;
/*!40111 SET SQL_NOTES=@OLD_SQL_NOTES */;

-- Dump completed on 2021-08-09 13:32:33
